,MAE,RMSE,NSE,alpha,beta,HFV,HFV10,LFV,FDC,r2,training_length_days,training_time_minutes
0,1.6335377583733068,2.725893649200874,-1.1779720670005762,0.9791876573323496,0.2979515190019142,-31.40117750569606,-11.534161372298962,-20.931375635330117,,0.06463710402216982,286,54.14066817666656
