,MAE,RMSE,NSE,alpha,beta,HFV,HFV10,LFV,FDC,training_length_days,training_time_minutes
0,75.35736478308685,117.29351000991812,-37.84694121657613,4.946364800481533,19.134077473898063,7.573234435188644,15.899704905829301,42.9975385281855,,2065,15.279101715000191
