,MAE,RMSE,NSE,alpha,beta,HFV,HFV10,LFV,FDC,training_length_days,training_time_minutes
0,133.67684766149833,292.2788851586494,-0.6065916418206119,1.2362484813357302,3.148399209637762,1.780359826573095,2.980816131259678,2.168827334025067,-0.2288500332055231,4072,152.73810187000007
