,MAE,RMSE,NSE,alpha,beta,HFV,HFV10,LFV,FDC,training_length_days,training_time_minutes
0,0.09591370013115808,0.1243868860210031,0.21993309009844042,0.6405029932687071,1.0931187088432073,1.1047278324382086,0.9955698203448798,1.2620961563767064,1.7979602666106729,2764,96.91283880500026
