,MAE,RMSE,NSE,alpha,beta,HFV,HFV10,LFV,FDC,training_length_days,training_time_minutes
0,1.084884778710119,1.5843287607278094,-0.3021128820059671,0.4932071646098771,0.7024703123184727,0.5440974319747923,0.5495221538838806,0.897492039667974,0.6671485876708052,5110,543.8751820321835
