,MAE,RMSE,NSE,alpha,beta,HFV,HFV10,LFV,FDC,training_length_days,training_time_minutes
0,0.45788509298509544,0.7160361078154476,0.31894148354644847,0.809233282735414,1.0097676347712619,0.7052557460007072,0.9632481345785215,0.9448659714882329,0.5894721649454884,4054,163.00801348048358
