,MAE,RMSE,NSE,alpha,beta,HFV,HFV10,LFV,FDC,r2,training_length_days,training_time_minutes
0,1.0425713460680728,1.3097023821376432,0.11663741129657601,0.7602189760300463,1.147393538648323,1.284647476949948,-1.6718847572816333,-1.006723018742951,240.50433722578597,0.1951209898419468,279,24.399029748333366
