,MAE,RMSE,NSE,alpha,beta,HFV,HFV10,LFV,FDC,training_length_days,training_time_minutes
0,651.3569189034837,1003.8337658001844,-0.07805038150681298,0.0,1.3651786882371115,0.2509479446996755,0.5152656135967444,3.5566372053252016,23.683177232644393,4099,112.88597142240009
