,MAE,RMSE,NSE,alpha,beta,HFV,HFV10,LFV,FDC,training_length_days,training_time_minutes
0,35.778647021546256,55.02160097094677,-0.10286217801942343,2.7123616673628295e-16,1.7432238410817817,0.18597024166216158,0.47351831999192173,12.906668171168333,-246.09541589815078,2413,58.705294473983336
