,MAE,RMSE,NSE,alpha,beta,HFV,HFV10,LFV,FDC,r2,training_length_days,training_time_minutes
0,0.9476269583262259,1.1197567026357507,-0.4760593607893484,0.6802374810887531,1.4200677456191757,-31.838195569147175,-13.349029037056622,3.846947381875702,-76.35678061283541,0.07176343336534396,707,114.11860030166669
