,MAE,RMSE,NSE,alpha,beta,HFV,HFV10,LFV,FDC,training_length_days,training_time_minutes
0,0.3263570661927295,0.6147714867893325,0.3389051974984052,0.6965883238099696,0.6599248456582418,0.567014839168881,0.7961627889903201,0.3259259438945915,0.15291827082573592,660,5.083099260000017
