,MAE,RMSE,NSE,alpha,beta,HFV,HFV10,LFV,FDC,r2,training_length_days,training_time_minutes
0,8.976047654840901,9.437403254609432,-13.860580026900875,0.8822641721229029,5.535029557970765,1.5024627622327686,50.47081871302981,144.0463993256244,-170.2572275930752,0.03595179207264809,455,12.054106106666707
