,MAE,RMSE,NSE,alpha,beta,HFV,HFV10,LFV,FDC,training_length_days,training_time_minutes
0,0.17403090010643335,0.30317686105360275,-0.2151011366406952,0.9789848453612398,1.2606068097306986,1.057865478582198,1.234331910581236,1.2871882031929474,1.2722173605585125,1982,783.1151651483332
