,MAE,RMSE,NSE,alpha,beta,HFV,HFV10,LFV,FDC,training_length_days,training_time_minutes
0,1.0311000609010794,1.5549954312750214,0.013493101139201324,1.0169747211798799,1.8544470819805379,0.9268179001601982,1.466157101113357,2.3262082269148854,0.9568053782358034,2857,198.1040125850001
