,MAE,RMSE,NSE,alpha,beta,HFV,HFV10,LFV,FDC,r2,training_length_days,training_time_minutes
0,0.14514861477972194,0.2031397441920929,0.7189292471590241,0.9926375852158216,1.0095640125144252,-9.164986291021648,1.0132013098611012,0.4815691282797016,3.38601009724887,0.20309487112514324,321,10.73822618999984
