,MAE,RMSE,NSE,alpha,beta,HFV,HFV10,LFV,FDC,r2,training_length_days,training_time_minutes
0,989.2473531782894,2009.9972916966874,-419434.4004979294,564.033192004627,-365.50221463141054,-99.27084087439654,-116.73079945382963,-367.58070082985626,,0.16922954810160573,446,67.57217230333336
