,MAE,RMSE,NSE,alpha,beta,HFV,HFV10,LFV,FDC,training_length_days,training_time_minutes
0,252.50715998860923,527.6048206727131,-0.2916099107012704,0.8794893406297676,1.3324450905457712,0.9678449392698769,1.1533691535948962,1.5690182553110277,0.38743719906626345,4017,170.34389485689948
