,MAE,RMSE,NSE,alpha,beta,HFV,HFV10,LFV,FDC,training_length_days,training_time_minutes
0,3.038842669005156,3.5465630291944805,-13.129498229120463,1.688068571119154,1.0296433393561517,1.0219035529812461,1.0403127940577723,1.0230967773269808,1.0164372304044822,4158,51.10072439133267
