,MAE,RMSE,NSE,alpha,beta,HFV,HFV10,LFV,FDC,r2,training_length_days,training_time_minutes
0,0.7645434093229645,0.9716315695026031,-0.11137267857448796,0.992054858511164,1.087539415289352,-7.761854112408918,9.772939532594147,4.873759415784856,-40.917980818872046,0.09052519456927222,707,136.2627573216666
