,MAE,RMSE,NSE,alpha,beta,HFV,HFV10,LFV,FDC,training_length_days,training_time_minutes
0,127655.10478311522,347791.20218184777,-25479868.128420122,4695.776650755154,2458.7166536993836,5032.90653376486,3811.79136013095,27.67189792921247,49.31301148481075,3530,487.17028488150004
