,MAE,RMSE,NSE,alpha,beta,HFV,HFV10,LFV,FDC,training_length_days,training_time_minutes
0,1.1952157586538648,1.5715648607619273,-1.1776622726888824,0.10779415706806726,0.07173619186916134,0.08829298003195374,0.1010630860992561,0.028810082928334136,0.01246005213975192,3056,133.91354669213337
