,MAE,RMSE,NSE,alpha,beta,HFV,HFV10,LFV,FDC,training_length_days,training_time_minutes
0,3.6342816166622054,5.367741211771583,-0.09286980442604853,0.07287109941261602,0.8718308530030072,0.5194185306919533,0.5801769718617458,1.093832585981442,1.1838367879521963,3555,70.61453045749998
