,MAE,RMSE,NSE,alpha,beta,HFV,HFV10,LFV,FDC,r2,training_length_days,training_time_minutes
0,0.2300599210553074,0.2936853568328837,0.5727177546314439,0.7560851522889841,1.2286719768998866,-17.657655344876517,-10.115093438407062,-1.8356158441618609,-43.43870877422427,0.21735922978507927,312,27.52769472000024
