,MAE,RMSE,NSE,alpha,beta,HFV,HFV10,LFV,FDC,training_length_days,training_time_minutes
0,0.2753400890008241,0.4550851203646653,0.20780568507560782,1.0799814507705814,0.8072827410194309,0.9934442694566302,1.2651197003537924,0.08690005196682984,0.006947651477029872,659,5.702521796666709
