,MAE,RMSE,NSE,alpha,beta,HFV,HFV10,LFV,FDC,training_length_days,training_time_minutes
0,0.46814878017431555,0.5525831354851082,-0.7619983581991794,1.298667790027951,0.8518631265576684,0.9118374758690013,1.0043628818541945,0.719744202549008,0.519704381631176,2900,60.418743258333414
