,MAE,RMSE,NSE,alpha,beta,HFV,HFV10,LFV,FDC,training_length_days,training_time_minutes
0,0.41920781893004117,0.6595255513032604,-0.0315570838256809,5.129162894058335e-16,0.8838155662597809,0.28197038140921143,0.4217060472567079,1.3971169066683056,1.857480692586284,775,0.712485171666655
