,MAE,RMSE,NSE,alpha,beta,HFV,HFV10,LFV,FDC,training_length_days,training_time_minutes
0,98.47273160848295,280.2081501593383,-15.539467978402389,4.072721552577971,2.5694504333884964,3.840859850080082,2.711133698623396,3.2540814362711683,13.877446993731693,3530,404.51807811671654
