,MAE,RMSE,NSE,alpha,beta,HFV,HFV10,LFV,FDC,r2,training_length_days,training_time_minutes
0,0.2266348960551439,0.33786685490346224,0.3068215653718872,0.7433384660123215,1.2305482474465943,-31.589459321086725,-11.649200454856954,-0.29680123004756764,-19.783132125041465,0.08206409735487052,641,35.981034631666745
