,MAE,RMSE,NSE,alpha,beta,HFV,HFV10,LFV,FDC,r2,training_length_days,training_time_minutes
0,0.1478487095955426,0.21335474602276194,0.32765532721642354,0.86826873491912,1.096367337816716,-19.2027483408705,-6.754209643529996,1.3835614915089722,-6.446182306359219,0.17869088870462801,342,3.1954622499998853
