,MAE,RMSE,NSE,alpha,beta,HFV,HFV10,LFV,FDC,training_length_days,training_time_minutes
0,11.823091336256757,24.40089021552397,-0.42763648352632755,0.9621783091542845,0.4644250045423934,1.7023505527781688,1.1331422484951668,0.004218661325655965,-0.004108702011636567,3357,125.38700637593332
