,MAE,RMSE,NSE,alpha,beta,HFV,HFV10,LFV,FDC,training_length_days,training_time_minutes
0,0.20233153041385382,0.26769053280798916,-0.8197673358873918,1.1342582779891748,0.7150453037355521,1.0109551001114083,1.0367571814148693,0.4965498624120499,0.41371938160700106,3357,102.25192119476681
