,MAE,RMSE,NSE,alpha,beta,HFV,HFV10,LFV,FDC,training_length_days,training_time_minutes
0,0.23630061044197276,0.31037370032527606,0.1680010130836087,1.23809070561304,0.8377388305016009,1.045046582174915,1.1324976616318743,0.5214291392818905,0.21928958871124682,3041,109.57052131994958
