,MAE,RMSE,NSE,alpha,beta,HFV,HFV10,LFV,FDC,r2,training_length_days,training_time_minutes
0,0.3178712567546105,0.6017707496873302,0.6997136362399659,0.8526553552220439,0.9460682374137579,-24.533710853901226,-10.695728454172095,-6.503763028856565,4.581947091878317,0.004058337492887865,235,23.83689701833355
