,MAE,RMSE,NSE,alpha,beta,HFV,HFV10,LFV,FDC,training_length_days,training_time_minutes
0,2.30632324301994,5.579658565589269,-0.10385689868787407,0.04649938191790945,0.14869158504540603,0.03584475909606707,0.07616319728699325,1.3447393634522966,0.32028797658702146,4760,22.787373580032728
