,MAE,RMSE,NSE,alpha,beta,HFV,HFV10,LFV,FDC,training_length_days,training_time_minutes
0,0.14418325514584215,0.2247048021456557,-0.2822554353671003,1.0895127655318761,0.8537741365663984,1.1168395843324552,1.0453419601885523,0.7727547438517324,0.9175980910426561,3357,149.60527318361662
