,MAE,RMSE,NSE,alpha,beta,HFV,HFV10,LFV,FDC,r2,training_length_days,training_time_minutes
0,0.22330360835193777,0.5433712099317125,0.1967991331388418,0.5091537958610106,1.004010533913768,-13.044229530702157,-7.367753530862779,-7.431272380536344,-44.530028078546785,0.009936145958645337,448,16.933031109999988
