,MAE,RMSE,NSE,alpha,beta,HFV,HFV10,LFV,FDC,training_length_days,training_time_minutes
0,865388.7894674668,1420975.5935574197,-65384724809.26971,202815.93191426765,126583.90286357974,116571.51047844095,147110.91070180995,1.8585390999761746,4.742550710021937,5094,45.4915750057
