,MAE,RMSE,NSE,alpha,beta,HFV,HFV10,LFV,FDC,training_length_days,training_time_minutes
0,0.06481569718419776,0.13323437906215793,-0.03543935690280775,0.6077922754953451,0.5468887454204107,0.5833136733595141,0.7172672931679891,0.17708210623679682,0.05955921589837407,691,7.681935143333339
