,MAE,RMSE,NSE,alpha,beta,HFV,HFV10,LFV,FDC,training_length_days,training_time_minutes
0,0.14927629048616062,0.17396018286211704,-0.9220077816052006,0.40655086748344976,0.26175948611946886,0.4287763250742134,0.3268666328062556,0.21017353836860853,0.5174037934158012,4782,121.9338663783333
