,MAE,RMSE,NSE,alpha,beta,HFV,HFV10,LFV,FDC,training_length_days,training_time_minutes
0,0.6557932491756981,0.9588811731522844,0.27263165811083323,1.1649737126242523,1.6700290807728446,1.0371684157626821,1.3732051327573684,2.464898155871704,-13.872859559921315,2406,39.046514415000004
