,MAE,RMSE,NSE,alpha,beta,HFV,HFV10,LFV,FDC,training_length_days,training_time_minutes
0,0.24258571511926202,0.2926442025901807,-1.2516027228789763,0.7710196913506152,0.9667233155261381,0.6810278706083167,0.7915470712015503,1.0763116736319316,,2917,51.234786250000134
