,MAE,RMSE,NSE,alpha,beta,HFV,HFV10,LFV,FDC,training_length_days,training_time_minutes
0,341.9883870420722,507.35664038593245,-0.12538535204042245,0.6466796238538478,3.050418821932875,0.6212441990746966,1.4684195921070533,105.98845985621647,-102.0105637038209,2857,68.2122190916667
