,MAE,RMSE,NSE,alpha,beta,HFV,HFV10,LFV,FDC,training_length_days,training_time_minutes
0,4.391131273610362,9.38774758070653,-0.2578610791263243,2.652742903744186e-17,0.15337179365790715,0.020561427585266134,0.04745301339948918,0.5327003507344124,2.0377268475210464,2265,13.609288875000008
