,MAE,RMSE,NSE,alpha,beta,HFV,HFV10,LFV,FDC,r2,training_length_days,training_time_minutes
0,0.7773434931347993,1.0623003358343177,-34.79154616514463,4.610049549743255,3.042231815859166,118.24173757178197,259.16033916517034,329.9301278009778,137.01862466729997,0.051698789687378066,358,3.159354301666705
