,MAE,RMSE,NSE,alpha,beta,HFV,HFV10,LFV,FDC,r2,training_length_days,training_time_minutes
0,0.49633490537936104,0.5847370430667557,0.4872615870152399,0.8903557063172921,1.354117381195817,-14.394454341706501,-5.187038870769526,17.173315530885674,13.009621968740621,0.0751571143603752,287,19.926626051666485
