,MAE,RMSE,NSE,alpha,beta,HFV,HFV10,LFV,FDC,training_length_days,training_time_minutes
0,197.68563739165927,292.08988228096047,0.47258883666478735,0.4227473295344863,0.9065861989702861,0.41249002348399766,0.5625658672869074,1.922362564742489,4.039811336874294,4131,171.0234202066669
