,MAE,RMSE,NSE,alpha,beta,HFV,HFV10,LFV,FDC,training_length_days,training_time_minutes
0,0.5097053874710684,0.7618214479501718,0.606561519885273,0.9334721899271506,0.7041922786692708,0.8768751887134544,0.8885174761308192,0.321939943965693,0.12429255050207533,2242,233.80890993499972
