,MAE,RMSE,NSE,alpha,beta,HFV,HFV10,LFV,FDC,training_length_days,training_time_minutes
0,300.98129783404374,319.45146889471624,-79.32860494885156,3.063892326648331,24.758021946894818,5.224298875480224,12.117311764016538,54.621500681917276,,5061,207.74827088193317
