,MAE,RMSE,NSE,alpha,beta,HFV,HFV10,LFV,FDC,training_length_days,training_time_minutes
0,0.17128823878295527,0.2325287201629623,-2.43406596407993,1.5533436537007435,1.4729411735512028,1.5288448929841576,1.7919594946284343,1.2152979813805602,0.26132722932884034,4782,117.31845939499993
