,MAE,RMSE,NSE,alpha,beta,HFV,HFV10,LFV,FDC,training_length_days,training_time_minutes
0,1332.6501380848526,1603.5098072945812,-0.548132044590576,0.5800117347333972,2.760626952693718,0.4788647138956158,1.2250498592354204,9.240551738372131,8.699435318659136,3055,51.05065884091649
