,MAE,RMSE,NSE,alpha,beta,HFV,HFV10,LFV,FDC,training_length_days,training_time_minutes
0,0.38289125084233405,0.6175562528578823,0.2741049793353115,1.1523411931747831,1.3958929291716542,1.3131482527933778,1.3341673076735394,1.462284771110985,,1670,79.69331256833394
