,MAE,RMSE,NSE,alpha,beta,HFV,HFV10,LFV,FDC,training_length_days,training_time_minutes
0,3.338614795918367,3.480995674585016,-11.474206236309813,1.351744005166959e-15,6.329352070921582,1.7380331017341695,6.298680540831472,6.3293520709215825,,3958,5.540602443334259
