,MAE,RMSE,NSE,alpha,beta,HFV,HFV10,LFV,FDC,training_length_days,training_time_minutes
0,35.94396102802491,51.06676568330382,-0.5839638272360117,0.5091712638918632,5.269781807165337,0.5509161683427524,1.973816189548718,51.60803988161435,746.7253880171902,2166,55.04076323948393
