,MAE,RMSE,NSE,alpha,beta,HFV,HFV10,LFV,FDC,training_length_days,training_time_minutes
0,9.107766723731126,21.561929827338446,0.12823992448637134,0.7727594056753389,1.4788953397556297,0.837567831198979,1.4132983828351007,1.0927997142507528,0.04017732897026221,1477,7.508075448333333
