,MAE,RMSE,NSE,alpha,beta,HFV,HFV10,LFV,FDC,training_length_days,training_time_minutes
0,0.72205642477512,0.8693658958026043,-0.7509935686616642,0.38613531499368486,1.2728613486487517,0.8045047625978955,0.9254114836105819,1.5857649095080792,2.5797066571029568,4089,49.81428001336656
