,MAE,RMSE,NSE,alpha,beta,HFV,HFV10,LFV,FDC,training_length_days,training_time_minutes
0,24.163432929998375,37.57066197745458,-0.1264967420377603,0.7256890751947305,0.42445286315094016,0.5354125345964029,0.6128005360995775,-0.5051350334221759,-189.52973793953396,4246,3293.7786463633324
