,MAE,RMSE,NSE,alpha,beta,HFV,HFV10,LFV,FDC,training_length_days,training_time_minutes
0,0.895661606444077,1.5177146019392849,0.052693456266431404,0.9326289392757916,1.4048429286934099,0.9579961914434724,1.1088055491386026,2.205763655923503,-0.26284102954026983,2323,186.26430483053338
