,MAE,RMSE,NSE,alpha,beta,HFV,HFV10,LFV,FDC,training_length_days,training_time_minutes
0,1.7474785246434863,2.1651382549370886,-1.361718621040254,1.1774522649851518,1.51798059317206,1.1496143706360404,1.310012165736022,1.9681961499651277,29.351483914027913,4385,278.52836431756634
