,MAE,RMSE,NSE,alpha,beta,HFV,HFV10,LFV,FDC,training_length_days,training_time_minutes
0,155.02964128756383,414.25591389892264,-0.1605439242663389,0.0,0.06663599262455862,0.0069913755739904535,0.018412272289038186,0.36896025984840114,1.2603294690981537,2232,28.356975356666954
