,MAE,RMSE,NSE,alpha,beta,HFV,HFV10,LFV,FDC,training_length_days,training_time_minutes
0,2.3878618831110985,2.629309109552741,-2.083411516828227,0.5294734896386023,2.749514076399529,0.8298214737590448,1.1413642499049421,13.15066924742723,16.04793239216626,2119,107.78934679506735
