,MAE,RMSE,NSE,alpha,beta,HFV,HFV10,LFV,FDC,training_length_days,training_time_minutes
0,45.23178396584811,77.26552888656101,-0.2575682753287347,0.0,0.326770465742715,0.06008611161313881,0.10790383170783549,1.3922555066740738,14.502299167129374,3530,369.78974819528327
