,MAE,RMSE,NSE,alpha,beta,HFV,HFV10,LFV,FDC,training_length_days,training_time_minutes
0,17.49896331009258,38.60424026037048,-0.052508963322675184,0.0,1.853099880424573,0.1463795865734047,0.5185828158900022,7.8356716953994345,-155.82659896541088,1782,54.54440773690003
