,MAE,RMSE,NSE,alpha,beta,HFV,HFV10,LFV,FDC,training_length_days,training_time_minutes
0,0.823832053143218,0.9698631598276652,0.1706328419819455,0.7935048457022019,1.52361464353988,0.7376285227867013,1.0487980856293853,2.254901484967083,3.163895359644604,3056,205.34618355129982
