,MAE,RMSE,NSE,alpha,beta,HFV,HFV10,LFV,FDC,training_length_days,training_time_minutes
0,301.21605530796484,688.9080953527553,-0.14332093407828794,4.411364913877837e-17,0.32192477996219676,0.040663579859839566,0.09524021338627352,1.410155737912986,7.649228942676893,4022,133.94931849173346
