,MAE,RMSE,NSE,alpha,beta,HFV,HFV10,LFV,FDC,training_length_days,training_time_minutes
0,566.4350578726389,2117.2507953425893,0.3322860784384495,0.49500294685327295,1.3757023867822278,0.676122379310627,1.188732785617167,3.8510143380246062,0.3986734964185284,4105,215.24004038706673
