,MAE,RMSE,NSE,alpha,beta,HFV,HFV10,LFV,FDC,r2,training_length_days,training_time_minutes
0,0.5082046142252751,0.6733242176332859,0.20378670086500017,0.6786163892928474,1.2384153890626337,-34.13679654559911,-20.97932818161921,-7.267554979947869,-38.986708544900054,0.005212936810468194,341,10.436740930000088
