,MAE,RMSE,NSE,alpha,beta,HFV,HFV10,LFV,FDC,training_length_days,training_time_minutes
0,0.2817801424883196,0.4711839769912241,0.15076579794649392,1.1254332873724207,0.8942821501200847,1.0217960551293916,1.3595815179179562,0.12199772934636204,0.012036112665613524,659,5.322790458333293
