,MAE,RMSE,NSE,alpha,beta,HFV,HFV10,LFV,FDC,training_length_days,training_time_minutes
0,0.557525412778224,0.7043424330959228,-3.479639846970084,1.4260016188604643,1.5243798545336065,1.5497453869714102,1.5634637776767943,1.5154256931787793,2.67663128093582,1704,103.62967256091652
