,MAE,RMSE,NSE,alpha,beta,HFV,HFV10,LFV,FDC,r2,training_length_days,training_time_minutes
0,0.6236920719287071,0.7161699704367892,-0.1242477775210693,0.5534232324978381,0.9506128541847809,-26.86090751478887,-26.605201262876275,-21.17711987062217,-76.97762346172144,0.06229917507990579,201,6.912598341666671
