,MAE,RMSE,NSE,alpha,beta,HFV,HFV10,LFV,FDC,training_length_days,training_time_minutes
0,571.6655930058668,817.7633037776925,-0.06373512357074862,0.0,1.33708434784748,0.21593640027554478,0.46255072757937804,3.2587099929768235,4.964820009350164,2217,76.04825085166667
