,MAE,RMSE,NSE,alpha,beta,HFV,HFV10,LFV,FDC,training_length_days,training_time_minutes
0,240.05797630103993,917.0846332062515,-1510451.7920731513,1186.4520075075607,300.64916564891666,1478.4303273554985,599.2579567669798,3.278106687270754,7.763592739355809,3530,323.0705038223498
