,MAE,RMSE,NSE,alpha,beta,HFV,HFV10,LFV,FDC,training_length_days,training_time_minutes
0,0.6318683081447872,0.77055513237774,-0.12564959629736538,0.504000514298805,1.5515979741887982,0.8073571962921263,0.9919380943029272,2.6661913760953047,9.307014464845341,4173,481.06315939425014
