,MAE,RMSE,NSE,alpha,beta,HFV,HFV10,LFV,FDC,r2,training_length_days,training_time_minutes
0,1.1726189640037004,1.6908835053963853,0.5454151657153397,0.9306796637090576,1.1450719218515455,5.061060781113375,5.7697318251497824,1.1964900728158598,-633.5166258905612,0.12482394664703989,328,21.133468589999634
