,MAE,RMSE,NSE,alpha,beta,HFV,HFV10,LFV,FDC,training_length_days,training_time_minutes
0,2.595924475547499,2.9234436532213737,-177.62792383012572,6.438936983286069,-14.649405167790926,0.22002152819300538,-1.1196599857747738,-39.73094719595132,-237.99704339406043,1213,52.0515777666665
