,MAE,RMSE,NSE,alpha,beta,HFV,HFV10,LFV,FDC,r2,training_length_days,training_time_minutes
0,0.19765245182962415,0.24827019863640118,0.19873648150392353,0.6122468554901981,1.5779703654779857,-41.39528980295228,-28.020102313348364,9.31350402656663,-18.716828826028262,0.16369790767704373,231,2.1498781283332695
