,MAE,RMSE,NSE,alpha,beta,HFV,HFV10,LFV,FDC,training_length_days,training_time_minutes
0,3.422001192409589,3.8050660970999766,-0.8610611575451765,0.7942410525031638,2.2097789489996917,0.955539233648511,1.300818335850182,4.589228749578447,7.910509916470309,4317,175.24948931793332
