,MAE,RMSE,NSE,alpha,beta,HFV,HFV10,LFV,FDC,r2,training_length_days,training_time_minutes
0,0.1802571833879568,0.2800172358579026,0.37359184628581465,0.9625328960073815,0.9652170486941102,-28.26073381875713,-6.42636226408577,7.333308284982557,59.26178284122346,0.07305296872296518,196,1.8565875283335724
