,MAE,RMSE,NSE,alpha,beta,HFV,HFV10,LFV,FDC,r2,training_length_days,training_time_minutes
0,3.0387219935428105,3.40596672905492,-15.630876541437637,1.7922727239436078,6.636950453992967,35.75408282872191,169.8907170160769,342.999818012595,-36.63438602061205,0.05316245134783826,205,1.1794106616665279
