,MAE,RMSE,NSE,alpha,beta,HFV,HFV10,LFV,FDC,training_length_days,training_time_minutes
0,15.77747998513335,40.391724834568286,0.33128887001370466,0.9154501943536056,1.159165646320025,0.9391338239040778,1.3386730657263404,0.1717920801835809,-0.001716685229534567,3052,77.42314009138333
