,MAE,RMSE,NSE,alpha,beta,HFV,HFV10,LFV,FDC,training_length_days,training_time_minutes
0,538.8617849537497,586.588859802439,-15.26885345477421,2.18197950318081,5.107809425431455,2.3385797132890205,3.3686683823737997,8.812163904542178,11.996337628683216,4282,124.00136749316637
