,MAE,RMSE,NSE,alpha,beta,HFV,HFV10,LFV,FDC,training_length_days,training_time_minutes
0,0.3051379643957053,0.389880795871971,-0.027622854046467804,0.03789173980839401,0.9156916259071785,0.24703367787311892,0.36137515211098925,2.8239443783722606,10.552080700087696,2536,11.291013871666655
