,MAE,RMSE,NSE,alpha,beta,HFV,HFV10,LFV,FDC,training_length_days,training_time_minutes
0,0.3680474468427667,0.4787916064696244,-0.447338502192272,0.34529360650857926,0.9721647413165342,0.4623417417081202,0.5673165286528659,1.4772461491132463,1.6778877672638766,4058,19.952913670050716
