,MAE,RMSE,NSE,alpha,beta,HFV,HFV10,LFV,FDC,training_length_days,training_time_minutes
0,13.051120518920255,33.11703861726035,-0.23371035021742492,1.2686931939679582,2.38238280383975,1.7259203159548735,2.5835607263600346,0.6351577038703724,-0.0017788577598390049,4415,286.7677605793999
