,MAE,RMSE,NSE,alpha,beta,HFV,HFV10,LFV,FDC,training_length_days,training_time_minutes
0,6.538301048621812,6.712747356768761,-33.077084887060316,0.9754983728874601,9.179399616818477,1.8828269099736201,3.654484869838443,25.596378531909288,91.12574940562074,2266,152.2034174916674
