,MAE,RMSE,NSE,alpha,beta,HFV,HFV10,LFV,FDC,training_length_days,training_time_minutes
0,0.2021346114763711,0.2280774923084862,-2.303849754968663,0.5547468018735202,-0.044233296290148716,0.43749596348327824,0.32212522561405355,-0.3869698465252211,0.5422588974669474,4782,197.12617713999995
