,MAE,RMSE,NSE,alpha,beta,HFV,HFV10,LFV,FDC,training_length_days,training_time_minutes
0,1948.9382042253521,2341.6977215822494,-0.15516475456792134,0.0,1.531161733247525,0.26816700860554915,0.4794491911295655,5.731126868031017,23.477050048613087,4322,377.7405199015833
