,MAE,RMSE,NSE,alpha,beta,HFV,HFV10,LFV,FDC,r2,training_length_days,training_time_minutes
0,0.5658260334761533,0.7280119891625443,-1.6208333614409884,0.8405151925306704,1.7323001451175606,-36.56072729028781,6.566573956269613,32.02306345736835,-26.675176596887354,0.0007187645006101473,453,3.952914713333334
