,MAE,RMSE,NSE,alpha,beta,HFV,HFV10,LFV,FDC,training_length_days,training_time_minutes
0,69.46341288334139,97.73997868908761,0.44143648356405596,1.2698143514795492,1.0796313063069898,1.2459294032276014,1.1758951410996634,0.9675035929192285,0.8224719962781188,4650,978.3162825563496
