,final,MAE_cubic_meters_per_second,RMSE_cubic_meters_per_second
count,64.0,64.0,64.0
mean,-3.638324655080077,12.896921054516888,20.33081716133963
std,11.088111809879209,27.55462553855698,40.375508126065206
min,-64.22260348245968,0.05362877991684992,0.26145612586073375
25%,-0.8245433857847797,1.1904412932650914,2.095779491957157
50%,-0.1458140217258026,3.7145967234704003,7.352150856769801
75%,0.15064194067383063,10.68116774237341,17.114797754052375
max,0.7765883043906476,167.10321983462396,261.3512143639995
