,final,MAE_cubic_meters_per_second,RMSE_cubic_meters_per_second
count,16.0,16.0,16.0
mean,-2363.6988822885187,8.59069980240693,28.99662638016128
std,9453.21659409022,22.270249980851894,93.70984954810558
min,-37813.26092194257,0.08056080448135512,0.3012439492707253
25%,-1.0694221877334464,0.34595003655850426,0.6580229034069118
50%,-0.049389732752999696,0.9607800959594177,1.7237143480498798
75%,0.21829702312472626,6.891741896198379,10.557266618030027
max,0.4298607602019777,90.84647144548504,379.3953266268721
