,final,MAE_meters,RMSE_meters
count,9.0,9.0,9.0
mean,-590.4426702484857,0.4441327052619756,0.7610101493900245
std,1750.8772699439844,0.5340388040904601,1.1077750402529063
min,-5259.209553607529,0.019764098380803653,0.0405520250998895
25%,-1.315894077635409,0.12389348235388926,0.17622534053910713
50%,-0.2116299512314812,0.15593353703454016,0.2852881644142761
75%,0.1853892016881998,0.6763839265650227,0.7997371231074956
max,0.3561867318428083,1.5742077419759535,3.5059776578776862
