,final,MAE_meters,RMSE_meters
count,26.0,26.0,26.0
mean,-58094.774369779974,3.054424804438219,11.082750972931693
std,296223.87096619175,14.302642937072646,54.752906232842825
min,-1510451.792073151,0.015123680595660651,0.029182915072275155
25%,-0.5926786410902531,0.10065320504935271,0.15345263732704606
50%,0.08159586134400985,0.1849429945827318,0.26956026063929595
75%,0.322796614933712,0.3613761780480685,0.5030513088699881
max,0.6558823628372018,73.16967117655699,279.5273962012655
