site_id,poly1,poly2,poly3,final,final_config,MAE_meters,RMSE_meters
02202500,-0.2574353957581043,-0.825219487772815,-0.825219487772815,-0.2574353957581043,poly1,0.6883357110077634,0.8147138446163922
02217274,-0.0420800963283132,-0.03516493328816,-0.0348660412061958,-0.0348660412061958,poly3,0.01973741653818794,0.04059859448635564
02336986,0.2551500417258762,0.1745603886089449,0.2800229399556556,0.2551500417258762,poly1,0.1135719711978697,0.1523589381947129
02397410,-1.0974502943733464,,,-1.0974502943733464,poly1,0.19365699928986432,0.2715002585313167
02457595,0.2171349595956945,0.2168170212362726,0.1830646140837487,0.1830646140837487,poly3,0.13525745808228598,0.2884833284888958
03567340,-10.38198448124036,-0.1919820582907339,-0.1919820582907339,-10.38198448124036,poly1,0.5292186831001094,0.6114679882149506
05527800,0.1496643578415053,0.1495119994016552,-0.0315570838256809,0.1495119994016552,poly2,0.156216270441755,0.1825299146430097
06893300,0.2887970433501217,0.3389070596043649,0.3389085521387551,0.3389070596043649,poly2,0.09947310875202141,0.1873820852732387
08178000,-0.2200414642931409,-0.4008802762637229,-0.4008150208226637,-0.4008150208226637,poly3,0.037651088162510594,0.05721343413958287
