site_id,poly1,poly2,poly3,final,final_config,MAE_meters,RMSE_meters
02202500,-0.2116299512314812,-0.825219487772815,-0.825219487772815,-0.2116299512314812,poly1,0.6763839265650227,0.7997371231074956
02217274,-0.0420840068385628,-0.0324932774771806,-0.0336029745647845,-0.0324932774771806,poly2,0.019764098380803653,0.0405520250998895
02336986,0.1853892016881998,0.1507657979464939,0.2078056850756078,0.1853892016881998,poly1,0.12389348235388926,0.15933405899499223
02397410,-1.315894077635409,,,-1.315894077635409,poly1,0.1851279517522115,0.2852881644142761
02457595,0.2317678555882848,0.4642132102540511,-0.2467557529911657,-0.2467557529911657,poly3,0.15593353703454016,0.35638347370692
03567340,-53.71653048916659,-0.1919820582907339,-0.1919820582907339,-53.71653048916659,poly1,1.0065950138344475,1.340676530482388
05527800,0.1140384205829478,0.2072489861291201,-0.0315570838256809,0.2072489861291201,poly2,0.1510062938252457,0.17622534053910713
06893300,0.2820627418372334,0.3557059101137388,0.3561867318428083,0.3561867318428083,poly3,0.1042823016356665,0.18491697028746626
08178000,-15.352992676621824,-5259.209553607529,-386470926072.43713,-5259.209553607529,poly2,1.5742077419759535,3.5059776578776862
