site_id,poly1,poly2,poly3,final,final_config,MAE_meters,RMSE_meters
02202500,-0.2074036211570085,-0.825219487772815,-0.825219487772815,-0.2074036211570085,poly1,0.6776885786509601,0.7983411087396679
02217274,-0.0423498412602598,-0.0354393569028077,-0.0349170950869628,-0.0349170950869628,poly3,0.019739260679309607,0.04059959591560182
02336986,0.0866168499260647,0.0967188032449283,0.2581328457421786,0.0866168499260647,poly1,0.13571071394454545,0.16871746297786855
02397410,-0.6747622844484662,,,-0.6747622844484662,poly1,0.18695183393639955,0.24260569681776925
02457595,0.2103896366156523,0.2104368404447958,0.1847595211367885,0.1847595211367885,poly3,0.13658868120043036,0.2881839129481587
03567340,-4.078929776030825,-0.1919820582907339,-0.1919820582907339,-4.078929776030825,poly1,0.33181394753956805,0.40846122464129486
05527800,-0.5934105356140911,-0.5182311822394663,-0.0315570838256809,-0.5182311822394663,poly2,0.1672296508296187,0.24387591334166003
06893300,0.2887943211647911,0.3389051974984052,0.3389051987701446,0.3389051987701446,poly3,0.09947351156178862,0.18738234899315606
08178000,-0.2151011366406952,-0.2861217691496456,-0.4421584177826447,-0.4421584177826447,poly3,0.03870715513089981,0.058051588215251804
