,final,MAE_meters,RMSE_meters
count,9.0,9.0,9.0
mean,-0.594013422990264,0.1993225926081689,0.2706909836211588
std,1.3500973632217446,0.2011126282436312,0.2276800426158701
min,-4.078929776030825,0.019739260679309607,0.04059959591560182
25%,-0.5182311822394663,0.09947351156178862,0.16871746297786855
50%,-0.2074036211570085,0.13658868120043036,0.24260569681776925
75%,0.0866168499260647,0.18695183393639955,0.2881839129481587
max,0.3389051987701446,0.6776885786509601,0.7983411087396679
