,final,MAE_meters,RMSE_meters
count,122.0,122.0,122.0
mean,-538151116.9173806,2182.0706708786124,3581.16791412844
std,5919503394.979168,23879.822186165577,39210.86398158173
min,-65384724809.26971,0.013649929941140565,0.023437974570371202
25%,-1.081980723003764,0.1041260873163866,0.160315309054642
50%,-0.19426099187391666,0.22722412491554272,0.3047315841583996
75%,0.2511584313287875,0.3927149923482045,0.5775659735128166
max,0.7538779374489313,263770.5030296839,433113.3609163015
