,final,MAE_meters,RMSE_meters
count,9.0,9.0,9.0
mean,-1.2495463909538918,0.21923541184137418,0.28958315406538393
std,3.4532895658251617,0.2307874487198709,0.25894623644272835
min,-10.38198448124036,0.01973741653818794,0.04059859448635564
25%,-0.4008150208226637,0.09947310875202141,0.1523589381947129
50%,-0.0348660412061958,0.13525745808228598,0.1873820852732387
75%,0.1830646140837487,0.19365699928986432,0.2884833284888958
max,0.3389070596043649,0.6883357110077634,0.8147138446163922
