,MAE,RMSE,NSE,alpha,beta,HFV,HFV10,LFV,FDC,training_length_days,training_time_minutes
0,0.12352719213422118,0.1877081172558493,-0.40081502082266374,0.9787985779109954,0.8904662105072301,0.9975304117787178,1.0237765476480942,0.8259999733124065,0.8376611873492259,657,6.245849613333333
