,MAE,RMSE,NSE,alpha,beta,HFV,HFV10,LFV,FDC,training_length_days,training_time_minutes
0,1112.420049050656,1342.8082441803824,-23.961846855725675,3.541661532254704,6.231902386421558,2.4621251109501774,4.700236220551954,9.204092706229135,-155.93751691020788,2711,333.0493530700003
