,MAE,RMSE,NSE,alpha,beta,HFV,HFV10,LFV,FDC,training_length_days,training_time_minutes
0,1.1218835190140697,2.293119061723912,-8.21972283095505,2.6492503306022632,1.4314738502418285,2.694272722376823,2.0936263235831754,0.8552309239024005,0.9194182358383183,5108,171.6307802173668
