,MAE,RMSE,NSE,alpha,beta,HFV,HFV10,LFV,FDC,training_length_days,training_time_minutes
0,0.21119842925824953,0.39029468761959574,0.16472128901827077,1.0625715194613614,1.1641809830594412,1.0223630374233028,1.3458208193132433,0.6973689734365345,0.23483162603371485,4316,160.9584585212166
