,MAE,RMSE,NSE,alpha,beta,HFV,HFV10,LFV,FDC,r2,training_length_days,training_time_minutes
0,0.5181976340033311,0.7853322217264952,0.47915279509596154,1.0166060721716683,0.8707141626736535,-5.581357318692622,-5.044304858517818,2.031149722337324,,0.37845936714869977,468,21.956784061666742
