,MAE,RMSE,NSE,alpha,beta,HFV,HFV10,LFV,FDC,r2,training_length_days,training_time_minutes
0,0.5773965890595019,0.8254130608879533,-1.5124553919110921,1.424860411644395,0.8178030932234981,71.25964293460463,34.074865214052984,-4.044369826483603,5.160793805737801,0.06361635756841688,440,54.33939032166624
