,MAE,RMSE,NSE,alpha,beta,HFV,HFV10,LFV,FDC,training_length_days,training_time_minutes
0,103.51025007899037,174.08174619409897,-0.21781121367992995,0.9252927771277702,1.4749246343253937,0.9909790059712249,1.063259658988515,3.264414589501042,5.722244229295519,5110,711.5135183854665
