,MAE,RMSE,NSE,alpha,beta,HFV,HFV10,LFV,FDC,training_length_days,training_time_minutes
0,0.762357889191686,0.9547118458136039,-0.7704150512899224,0.8179978830903765,1.2020815123488127,0.9812572850427469,0.9522103159045684,1.6257453765979948,1.4918792206446632,2462,27.043115179999827
