,MAE,RMSE,NSE,alpha,beta,HFV,HFV10,LFV,FDC,training_length_days,training_time_minutes
0,755.8765483034051,857.3656579174882,-11.646792956892954,1.6633253997614197,4.994760782345018,1.7379433603284151,2.9547718516891193,9.634395226610172,17.907703377114533,4796,887.5827355186333
