,MAE,RMSE,NSE,alpha,beta,HFV,HFV10,LFV,FDC,training_length_days,training_time_minutes
0,16755.645974567084,49060.476238479314,-4322667618.174979,61794.06819274696,20916.854972945835,74230.55138715534,40718.062363769866,38.34164229932812,9.997436003407522,3530,361.95876135090003
