,MAE,RMSE,NSE,alpha,beta,HFV,HFV10,LFV,FDC,training_length_days,training_time_minutes
0,1.1374208572973505,1.6803555864743898,-0.2077103764809809,1.452179929701167e-16,0.6438869073543003,0.18429113847903195,0.3178854393828148,1.0243372489707139,4.210931030403408,2556,7.71517590333436
