,MAE,RMSE,NSE,alpha,beta,HFV,HFV10,LFV,FDC,training_length_days,training_time_minutes
0,1.3670338278989755,17.075048170145422,-0.006451003614702966,1.3781591363094032e-21,-1.0463035319732537e-20,1.002403228025118e-23,1.002403228025118e-23,-1.0463035319732535e-20,,4633,29.563007853233525
