,MAE,RMSE,NSE,alpha,beta,HFV,HFV10,LFV,FDC,training_length_days,training_time_minutes
0,0.1101205586804794,0.12962410716080489,-0.4738929219123458,0.9599099514120139,1.5914770048840674,0.9693570315116239,1.2167081412279275,1.8849798533253022,1.4371520647696068,2210,319.7973434599999
