,MAE,RMSE,NSE,alpha,beta,HFV,HFV10,LFV,FDC,training_length_days,training_time_minutes
0,0.5896354962111325,0.9005503187545857,0.36240465440190983,1.0462137719215994,0.8963438068962178,1.02824654969685,1.1500745123074008,0.4051607896708116,0.03642823860895517,2301,68.79825878833266
