,MAE,RMSE,NSE,alpha,beta,HFV,HFV10,LFV,FDC,training_length_days,training_time_minutes
0,0.5115929692734257,1.1692371184610235,-0.2467557529911657,1.566027825340677,1.2101878942036954,1.7643022297589153,1.7279823761324506,0.21397846197549128,0.014674232423556291,680,4.407069974999953
