,MAE,RMSE,NSE,alpha,beta,HFV,HFV10,LFV,FDC,training_length_days,training_time_minutes
0,3.6350369972740895,4.5001689570186185,-19.951222243810133,2.8648957591941757,5.433696924347257,2.617340273034318,3.516597182661791,10.939712548888226,52.269600393277045,4021,119.84002698285039
