,MAE,RMSE,NSE,alpha,beta,HFV,HFV10,LFV,FDC,training_length_days,training_time_minutes
0,0.19621123679610736,0.42366712720581456,0.16991257555319061,1.122912929286909,1.0642386475353662,1.3470892234096374,1.3983768131443406,0.20642316273021225,0.00011901402420312947,4415,239.35019981431688
