,MAE,RMSE,NSE,alpha,beta,HFV,HFV10,LFV,FDC,training_length_days,training_time_minutes
0,0.43968476953073016,0.7519324605825244,0.6167094517467995,0.8045162976720686,0.8487980535010153,0.7512206528376538,0.8828566228960493,0.6783051195064523,0.5118335223172169,2242,126.77904127499981
