,MAE,RMSE,NSE,alpha,beta,HFV,HFV10,LFV,FDC,r2,training_length_days,training_time_minutes
0,0.41322825087406123,0.6658153214124176,0.10329146383812671,0.8338629826706897,1.577076040230482,-32.78275255794155,-4.622546650971843,35.59043999133789,24.264769182999796,0.13737698482204774,352,2.3849379016668535
