,MAE,RMSE,NSE,alpha,beta,HFV,HFV10,LFV,FDC,training_length_days,training_time_minutes
0,271.5633459802332,479.16606549458675,-0.4193463920291489,0.011356567110742545,0.21450001405101024,0.050115267673966735,0.07578863709274564,0.7472049354566124,1.7563135493319748,4131,69.9055984183331
