,MAE,RMSE,NSE,alpha,beta,HFV,HFV10,LFV,FDC,training_length_days,training_time_minutes
0,0.3927171594541522,0.5316689607454335,-0.21973455378583107,0.759521509921332,0.9660786242304642,0.7453333638641684,0.8433516195661818,1.1800791771838735,1.2242000174818328,1704,47.468394148883334
