,MAE,RMSE,NSE,alpha,beta,HFV,HFV10,LFV,FDC,training_length_days,training_time_minutes
0,281.45058841111813,491.67558863398244,0.4176248009563125,1.1280096991794208,1.3262542839084523,1.0647620056312377,1.3782414377674383,1.2044613572105554,1.6935759359086702,4022,308.14242984506615
