,MAE,RMSE,NSE,alpha,beta,HFV,HFV10,LFV,FDC,training_length_days,training_time_minutes
0,0.47339907352490396,0.6777950757952963,-0.48067056266426844,1.092136522533074,1.4007754501833254,1.1028162042441425,1.2735892828547324,1.508096362141463,1.5661952376614046,3784,397.3484617115998
