,MAE,RMSE,NSE,alpha,beta,HFV,HFV10,LFV,FDC,training_length_days,training_time_minutes
0,0.7882935192056073,1.2759026327515826,0.30017400893109947,1.1253142645567855,1.2588851612167617,1.120494443798443,1.1731386948107503,1.4727558798596985,2.425757217983816,2463,233.60853350500014
