,MAE,RMSE,NSE,alpha,beta,HFV,HFV10,LFV,FDC,r2,training_length_days,training_time_minutes
0,0.7376398300013908,1.0335134297877497,0.7241054723949372,0.8098181175046932,1.1916939053200406,-30.628484086341512,-13.967035078503281,3.0386717026049315,-47.26299489457341,0.10313074754428986,418,51.72449443500009
