,MAE,RMSE,NSE,alpha,beta,HFV,HFV10,LFV,FDC,training_length_days,training_time_minutes
0,0.5486537100709274,0.8001178259240814,-0.5182311822394663,0.3719915161632491,0.49228691118236156,0.30776466809937264,0.4018573042416331,0.532062496289416,0.2896415367152529,775,14.012380059999987
