,MAE,RMSE,NSE,alpha,beta,HFV,HFV10,LFV,FDC,training_length_days,training_time_minutes
0,0.45875446226378297,0.5985944621004883,-0.3408351727302106,0.27753098345913074,0.765565759998729,0.38826617931340457,0.5594388244450278,1.1062602010571927,-22.121159285668615,2166,94.05193642365047
