,MAE,RMSE,NSE,alpha,beta,HFV,HFV10,LFV,FDC,r2,training_length_days,training_time_minutes
0,0.3905918931847895,0.5458708160375565,0.22879314722516408,0.8955418695500363,1.1372910176417144,-3.211396141999741,-2.676534267481104,-2.0398731734279965,-39.034005752418544,0.36672950648949987,487,4.987110723332929
