,MAE,RMSE,NSE,alpha,beta,HFV,HFV10,LFV,FDC,training_length_days,training_time_minutes
0,0.29486952724950005,0.509505214376676,0.43604245919701645,0.8060201889636097,0.5986312362609002,0.7876088855592609,0.7109690668910882,0.3164322082754653,0.3753297557191224,2405,304.45290316499984
