,MAE,RMSE,NSE,alpha,beta,HFV,HFV10,LFV,FDC,training_length_days,training_time_minutes
0,0.24497254095093296,0.42487180763442334,0.2596361940554376,1.2506716676673462,1.070582037521799,1.1734485185450112,1.5140928716066782,0.254188048436499,0.0017739701517228575,3052,136.4776348683167
