,MAE,RMSE,NSE,alpha,beta,HFV,HFV10,LFV,FDC,training_length_days,training_time_minutes
0,14.662845588235523,18.137520133426168,0.08983157985629686,0.7908067383599188,2.1044238022103494,0.675042786142085,1.1275330820734937,11.71951980416275,171.81774063829445,2406,14.97163095
