,MAE,RMSE,NSE,alpha,beta,HFV,HFV10,LFV,FDC,training_length_days,training_time_minutes
0,0.635357609218715,0.890748879695921,-1.0974502943733464,1.2451062519752765,1.7533830594871074,1.085639628999292,1.5076672607152872,1.9168965310627768,1.86021754470345,477,2.757253663333334
