,MAE,RMSE,NSE,alpha,beta,HFV,HFV10,LFV,FDC,training_length_days,training_time_minutes
0,1.1350875902249806,3.4268647746033505,-11.454007152724186,3.513904781049638,1.6885768815028337,3.366012280134515,2.1612024311178364,1.2978098755682563,1.0678107588198535,4444,228.39503632999987
