,MAE,RMSE,NSE,alpha,beta,HFV,HFV10,LFV,FDC,r2,training_length_days,training_time_minutes
0,0.22306001327442598,0.2881976444738242,0.7228166827889055,0.9001655860798731,1.0848016968359175,-10.379062844502391,-16.152180921105217,-4.510142263708548,8.679579834141524,0.1280813820669734,157,9.655014520000016
