,MAE,RMSE,NSE,alpha,beta,HFV,HFV10,LFV,FDC,training_length_days,training_time_minutes
0,2.558204393440723,9.567969660036082,-0.006515126891103229,0.5191861383439252,1.2023398329198796,0.9368721109335391,1.4184908577731046,0.5415974274813122,0.028821812420547353,4683,59.40249936999996
