,MAE,RMSE,NSE,alpha,beta,HFV,HFV10,LFV,FDC,r2,training_length_days,training_time_minutes
0,0.408174066065901,0.5333212946699771,0.5502595395007763,0.9982285904512371,1.21607729415181,1.481931352468408,10.836690493642829,17.750709632080962,-57.25457644427223,0.051187405215799564,460,15.681723341666414
