,MAE,RMSE,NSE,alpha,beta,HFV,HFV10,LFV,FDC,training_length_days,training_time_minutes
0,295.81903479445265,584.7949413117187,-0.3438784993199846,3.521329038857626e-18,0.02812283048923056,0.006086957042125825,0.021630176217409928,0.028122830489230557,,5110,9.917016028333334
