,MAE,RMSE,NSE,alpha,beta,HFV,HFV10,LFV,FDC,training_length_days,training_time_minutes
0,1.009888368595554,1.7921919940897892,-0.49913571044542016,0.2794615252675713,-0.0882517149241776,0.19256123153017068,0.1517736001331988,-0.28494773408252205,,1704,65.02460832833313
