,MAE,RMSE,NSE,alpha,beta,HFV,HFV10,LFV,FDC,training_length_days,training_time_minutes
0,0.26257818858590154,0.46797614700760026,0.10179227625322063,1.227839284881553,1.2698236159698382,1.1495371281759739,1.5962666699330776,0.5475568005743116,0.020627723870483713,3052,73.86354142151667
