,MAE,RMSE,NSE,alpha,beta,HFV,HFV10,LFV,FDC,training_length_days,training_time_minutes
0,0.6073751697907201,0.9359847913854205,-1.3158940776354093,1.3733599029303112,1.640184737465262,1.1498292373416263,1.5550086701857249,1.5658370373591923,1.3234819513802865,477,3.127523664999999
