,MAE,RMSE,NSE,alpha,beta,HFV,HFV10,LFV,FDC,training_length_days,training_time_minutes
0,3.323261786457131,3.4999541953584923,-4.418114558043761,0.0,2.3366531340711703,0.7319287599999238,1.1875266202060482,3.6426563838975277,5.114015534736561,4051,394.8314557049996
