,MAE,RMSE,NSE,alpha,beta,HFV,HFV10,LFV,FDC,r2,training_length_days,training_time_minutes
0,0.36480328522616967,0.5071143087688955,-24.949072506501633,4.037413294124508,2.84807704640956,72.55966548807608,178.94430357228148,288.6845325181315,82.86763658154914,0.019543163609780367,124,6.383255196666626
