,MAE,RMSE,NSE,alpha,beta,HFV,HFV10,LFV,FDC,training_length_days,training_time_minutes
0,1.5313756985027578,1.6520154222768175,-3.6721288614490835,0.7919065580820951,3.0735946777576966,1.1085857786896605,1.614578139473058,6.5190929212198,14.79850865853632,2232,55.973576818333825
