,MAE,RMSE,NSE,alpha,beta,HFV,HFV10,LFV,FDC,training_length_days,training_time_minutes
0,4.316612609630994,5.177346559137045,-9.935946203087584,1.7424959228052652,-4.0483203386756825,0.12504728990053693,-0.034607827069199154,-19.744979376202984,-49.38830743407868,2857,94.4676960749999
