,MAE,RMSE,NSE,alpha,beta,HFV,HFV10,LFV,FDC,training_length_days,training_time_minutes
0,1383.5501623000232,1443.3298950809453,-4.890516800751313,7.646827093030348e-16,4.937761236735382,0.7026212233374226,1.2364860601754064,103.86444754768519,272.67757622806727,2119,62.38424745214967
