,MAE,RMSE,NSE,alpha,beta,HFV,HFV10,LFV,FDC,r2,training_length_days,training_time_minutes
0,0.0732780711140827,0.1320543090121756,0.4815188252890631,0.9348498705384733,0.9823981814589381,-9.185474129615166,-6.42419148326111,-0.42068152704607575,12.438198263491495,0.22493756758981975,227,1.6646761816669218
