,MAE,RMSE,NSE,alpha,beta,HFV,HFV10,LFV,FDC,training_length_days,training_time_minutes
0,0.7475552475895526,0.9725759116270257,0.021414576118455764,0.15730500125382488,1.1220765007798856,0.3405706487176013,0.4696461914441703,3.8286794187980764,30.55384653527541,4021,117.36331134288339
