,MAE,RMSE,NSE,alpha,beta,HFV,HFV10,LFV,FDC,training_length_days,training_time_minutes
0,0.35770742638156716,0.6376457261003733,0.2887943211647911,0.6487034191486486,0.5345775109481675,0.5308724954999279,0.7106431082298879,0.18093078027897191,0.04860212919446927,660,5.591847603333311
