,MAE,RMSE,NSE,alpha,beta,HFV,HFV10,LFV,FDC,training_length_days,training_time_minutes
0,2.225014831544981,4.253525805026284,0.35850146076494305,0.28766118262267165,0.9822041794277288,0.2556863307706208,0.49800178047978644,8.953715329393496,-1.323384617568355,4760,30.809698443233113
