,MAE,RMSE,NSE,alpha,beta,HFV,HFV10,LFV,FDC,r2,training_length_days,training_time_minutes
0,0.3993902433534436,0.5441846858273802,0.6534996611919566,0.9058798058039891,1.191576731373374,-14.856918659731258,2.4526609871016283,4.262224202801366,-27.564573459492077,0.03696787323652251,460,30.159315658333313
