,MAE,RMSE,NSE,alpha,beta,HFV,HFV10,LFV,FDC,training_length_days,training_time_minutes
0,1.1349517560869717,1.4973718307420534,-1.40233005586447,1.3810395563999682,2.5283712543808248,1.2793510172350544,2.0440566330074503,3.5299904330239316,5.8580606066245,3711,77.57280768173344
