,MAE,RMSE,NSE,alpha,beta,HFV,HFV10,LFV,FDC,training_length_days,training_time_minutes
0,0.7959429840721277,0.9844052893464883,-2.0065808038102637,1.487521741467947,1.8348379474087477,1.3679812593889362,1.7348238009593395,1.8883844498266145,2.338794521574226,4617,563.5858789585492
