,MAE,RMSE,NSE,alpha,beta,HFV,HFV10,LFV,FDC,training_length_days,training_time_minutes
0,0.202471058287189,0.2639495798822921,-0.7692605391040479,1.0335657603422976,0.6199632879196556,0.9820928822454401,0.757023223347544,0.5801963920970701,0.7001682262796192,3357,300.250764269033
