,MAE,RMSE,NSE,alpha,beta,HFV,HFV10,LFV,FDC,training_length_days,training_time_minutes
0,1.3968309391072635,1.7579925928009466,-10.068541712180686,2.8161625955850518,2.889892455583742,2.4966200626477537,2.6481653641498832,2.378025716641949,1.8487553606309546,268,6.295554991666667
