,MAE,RMSE,NSE,alpha,beta,HFV,HFV10,LFV,FDC,r2,training_length_days,training_time_minutes
0,0.09245929189010488,0.157793080025408,0.21030074328327808,0.718018909145037,0.9089487290748858,-40.25491455750163,-8.55302947000153,-3.3803146565867457,14.538769000259933,0.03015865945367513,358,2.2753635216669257
