,MAE,RMSE,NSE,alpha,beta,HFV,HFV10,LFV,FDC,training_length_days,training_time_minutes
0,427.36114286718527,456.7563402581046,-9.08143118089673,1.0751727776065274,12.975131937491183,2.501618511126746,5.453861108667035,58.316371538816945,,2768,121.42676869833328
