,MAE,RMSE,NSE,alpha,beta,HFV,HFV10,LFV,FDC,training_length_days,training_time_minutes
0,987.2507668993128,1478.2865841354185,-1.680199060649762,1.7654972152341548,0.005766982964148247,1.4398159185655128,1.845338395605176,-17.801238940822145,-232.44192378183487,2648,26.84390548666658
