,MAE,RMSE,NSE,alpha,beta,HFV,HFV10,LFV,FDC,training_length_days,training_time_minutes
0,464.35922426366074,530.7375895833901,-2.909739464345813,0.649529855597732,-4.0991358617692635,0.08553680057597135,-0.2861547364287991,-19.89462337956511,-36.83316210493382,4177,88.28185868666667
