,MAE,RMSE,NSE,alpha,beta,HFV,HFV10,LFV,FDC,training_length_days,training_time_minutes
0,122.35568902093944,311.00453446027956,-0.1693397924375355,6.176377835705946e-18,0.07952428674509943,0.008653145739836486,0.023946968446521427,0.3517246372227094,-1.3284971849285407,2323,48.52245390468333
