,MAE,RMSE,NSE,alpha,beta,HFV,HFV10,LFV,FDC,training_length_days,training_time_minutes
0,1.621326149888535,2.99965692506343,-16.126315644472335,3.80996252995302,0.5074195334165357,0.9341356966419425,1.433785234145631,-0.22634514982999757,,1670,26.03042383666616
