,MAE,RMSE,NSE,alpha,beta,HFV,HFV10,LFV,FDC,training_length_days,training_time_minutes
0,866.9149203685424,1103.2849213618047,-0.052457697013098326,0.7771596283797979,1.1097901132515948,0.7356595498824943,0.9314024770224746,1.3174281672757815,1.419890022457584,2537,58.15799253333437
