,MAE,RMSE,NSE,alpha,beta,HFV,HFV10,LFV,FDC,training_length_days,training_time_minutes
0,8047.100301478979,8600.50602062396,-78.52631816924786,3.214489104806392,18.80362175614571,3.2396636850237748,7.515235069860657,83.86534830296971,419.15335211076876,2550,97.33337965990019
