,MAE,RMSE,NSE,alpha,beta,HFV,HFV10,LFV,FDC,training_length_days,training_time_minutes
0,103.8405702120563,121.46140055699212,-20.327360054276784,1.9761799960193398,6.432089711164196,2.4057639048099877,3.259005099600518,19.369268479787557,173.9213743358402,4294,57.29356785355
