,MAE,RMSE,NSE,alpha,beta,HFV,HFV10,LFV,FDC,r2,training_length_days,training_time_minutes
0,0.17011758741051464,0.34305581257623585,0.532150229342,0.8170657940368494,0.9614050370403034,-32.806301889233225,-11.99864611749968,-2.6767572117763456,24.59230017836121,0.2928374178866726,287,15.614247241666696
