,MAE,RMSE,NSE,alpha,beta,HFV,HFV10,LFV,FDC,training_length_days,training_time_minutes
0,0.2847262673622927,0.503476727329967,0.23029296720231618,1.1420549251083776,0.8322163436916693,1.2121070486578598,1.0856354031031825,0.28928614919493284,0.25139634706519676,2240,101.79236733999993
