,MAE,RMSE,NSE,alpha,beta,HFV,HFV10,LFV,FDC,r2,training_length_days,training_time_minutes
0,0.2585225658830261,0.3969839700986319,0.2753529943374575,0.8154302828673146,0.9857009182850094,-27.22829991049265,-9.30646511293622,-1.7381814603139325,1.5070194428020143,0.10633298152219484,668,119.5208424700002
