,MAE,RMSE,NSE,alpha,beta,HFV,HFV10,LFV,FDC,r2,training_length_days,training_time_minutes
0,0.1856736146548972,0.28524797399675084,0.34997058358763233,0.9520381522781334,0.8935656821914241,-29.185763160304226,-8.519088867008762,3.3388460934494413,85.74269423891778,0.07408404094201093,196,1.9847700166666375
