,MAE,RMSE,NSE,alpha,beta,HFV,HFV10,LFV,FDC,training_length_days,training_time_minutes
0,0.279415122949865,0.49211974941887043,0.006721720083210259,1.1916256653908117,1.4120901947282665,1.1116483074242014,1.6419888861874585,0.7915570777031811,0.07218888769453495,3052,104.70001021451681
