,MAE,RMSE,NSE,alpha,beta,HFV,HFV10,LFV,FDC,training_length_days,training_time_minutes
0,58.68057298372936,235.28215599430112,-0.06632875247234193,0.0,0.0,0.0,0.0,0.0,0.0,2390,15.272911521333056
