,MAE,RMSE,NSE,alpha,beta,HFV,HFV10,LFV,FDC,training_length_days,training_time_minutes
0,268.22958988321443,472.6964228058939,-0.3812774507947254,3.5969232124298342e-06,0.23963214277458256,0.05034132437107819,0.07751319099381511,0.8744815822469088,2.1521350436567763,4131,84.30661699666622
