,MAE,RMSE,NSE,alpha,beta,HFV,HFV10,LFV,FDC,r2,training_length_days,training_time_minutes
0,0.534448555945787,0.7742459186153405,0.5029142514596849,0.8624095069670152,1.0077281277021544,-33.17911359710525,-19.203870459145108,-4.874476790154836,-14.03003454179134,0.0010659697883973474,235,15.321284108333446
