,MAE,RMSE,NSE,alpha,beta,HFV,HFV10,LFV,FDC,training_length_days,training_time_minutes
0,0.2131971508838561,0.4078334625374473,0.10429919005816624,0.5795016462602359,0.9407646537324013,0.4762317696825337,0.9123086419761322,0.8716177416742906,0.6787654243014946,3662,70.30275965511683
