,MAE,RMSE,NSE,alpha,beta,HFV,HFV10,LFV,FDC,training_length_days,training_time_minutes
0,1.058918185003504,1.4059016203989398,-0.0017416120796747148,1.580749857374234e-16,0.9679425407187137,0.2896886917960089,0.4446255772399229,1.8566649086371403,4.883562974664832,4077,169.55021220964943
