,MAE,RMSE,NSE,alpha,beta,HFV,HFV10,LFV,FDC,training_length_days,training_time_minutes
0,1.9203263473397414,2.8896861503929303,-0.0736494293692509,0.16802983308629058,0.6350492362329158,0.20977340032014571,0.34213856310186885,1.549277328282699,26.29818881560987,2648,57.56233819666668
