,MAE,RMSE,NSE,alpha,beta,HFV,HFV10,LFV,FDC,r2,training_length_days,training_time_minutes
0,0.6731891583379713,0.7809712615294252,0.28635679095233213,1.0848720670701388,1.2581205394696846,-3.896615051718221,-0.10143742035665149,16.686363083262165,57.77778568189315,0.06595580712997662,460,37.93554403833332
