,MAE,RMSE,NSE,alpha,beta,HFV,HFV10,LFV,FDC,training_length_days,training_time_minutes
0,30.95261707988981,40.73907733303174,-0.34769115116878124,2.0247630344464325e-16,1.9152930137908561,0.459272828563331,1.1948717883981537,1.9152930137908561,,2252,86.8267012683334
