,MAE,RMSE,NSE,alpha,beta,HFV,HFV10,LFV,FDC,training_length_days,training_time_minutes
0,0.2300979336564698,0.37232210470768884,0.11049826642158833,1.2315438433416939,1.5192268856550546,1.0089481671991942,1.4089594125426954,1.5365485301592925,-0.6733023676147402,2265,43.59501283499994
