,MAE,RMSE,NSE,alpha,beta,HFV,HFV10,LFV,FDC,r2,training_length_days,training_time_minutes
0,0.3814715204866777,0.45367143929240034,0.19580229944752592,0.5366854608053968,1.2765107604484207,-36.544059208831285,-26.20336981679193,-8.113748962194185,-48.34201096350971,0.08413384285820513,474,79.13470350166656
