,MAE,RMSE,NSE,alpha,beta,HFV,HFV10,LFV,FDC,training_length_days,training_time_minutes
0,0.9088478389115402,1.1221086078681441,-1.5517152005038235,0.9537742017418744,1.6207103773536626,1.0357977746353773,1.2696864741180356,2.0477166796491786,2.979275195628891,4796,532.2817775078331
