,MAE,RMSE,NSE,alpha,beta,HFV,HFV10,LFV,FDC,training_length_days,training_time_minutes
0,20787.121362608774,23330.783361610676,-18297.977346284963,61.308268308289655,-260.6836146167561,-0.31729574431525986,-6.56148863243277,-1794.412242724327,-73503.11982133004,3530,375.9320805200007
