,MAE,RMSE,NSE,alpha,beta,HFV,HFV10,LFV,FDC,training_length_days,training_time_minutes
0,0.5169356619958543,0.6232700362247541,-2.3550999828921304,0.15295811255880784,0.07353888968494424,0.1460006168620887,0.11907413940299431,0.0340564362805885,0.030749838045670396,3041,57.26346764204985
