,MAE,RMSE,NSE,alpha,beta,HFV,HFV10,LFV,FDC,training_length_days,training_time_minutes
0,0.3837281291861494,0.7664924904149364,0.46421321025405116,0.8672038756802147,0.941285482617786,0.9370666173317455,1.2035932553283466,0.3155825096551223,0.038189577672916544,680,3.789495441666683
