,MAE,RMSE,NSE,alpha,beta,HFV,HFV10,LFV,FDC,training_length_days,training_time_minutes
0,426.46106659950215,568.9559613258696,-0.9920804159775349,1.4634829260651585,2.1999618900115183,1.2977897777080443,1.9435723408691479,2.421859873771804,1.8750466265594938,3056,256.25838693043335
