,MAE,RMSE,NSE,alpha,beta,HFV,HFV10,LFV,FDC,training_length_days,training_time_minutes
0,1591.2387772501995,1722.3525323473111,-7.388151789055211,0.9245377962153837,5.763428922138269,1.262440298238182,2.0247864998739535,97.0873015125926,195.75173499087273,2119,152.52600648768325
