,MAE,RMSE,NSE,alpha,beta,HFV,HFV10,LFV,FDC,training_length_days,training_time_minutes
0,11.005173206328763,23.049629460271714,-0.2738966406557801,0.6697283288912231,0.3805090932949442,1.2086893750481578,0.8811921512661642,0.011721386848221788,-0.003426608413841251,3357,87.99451905040004
