,MAE,RMSE,NSE,alpha,beta,HFV,HFV10,LFV,FDC,training_length_days,training_time_minutes
0,21.67047945374602,79.12316315412585,-2.506201641105932e-06,0.0,0.9924250774492114,0.06022718157919268,0.24204427124679057,6.09820941831866,42.312959423283765,1213,23.19741239666667
