,MAE,RMSE,NSE,alpha,beta,HFV,HFV10,LFV,FDC,training_length_days,training_time_minutes
0,1.4065638246435483,2.3535327228417007,-16.198816921897045,3.731060109836242,2.8750118825097895,2.9463416791520105,4.226435040411576,1.5776317753948936,1.3489830308076427,3015,109.85246358740005
