,MAE,RMSE,NSE,alpha,beta,HFV,HFV10,LFV,FDC,training_length_days,training_time_minutes
0,1.4243460329693862,3.205160998823768,-17.012100244569165,3.8499001356320917,1.7485618142695443,3.9961578324792377,2.8297090436053596,0.6611986061175916,0.5112253428887003,5108,478.6607063899166
