,MAE,RMSE,NSE,alpha,beta,HFV,HFV10,LFV,FDC,training_length_days,training_time_minutes
0,1.0373561045018007,1.4181155438052682,0.6414187964198447,0.7451771231315276,0.9164098501337621,0.7670144135048562,0.7848901341024573,1.0450882670013044,1.3417989401625399,4131,269.01078233833346
