,MAE,RMSE,NSE,alpha,beta,HFV,HFV10,LFV,FDC,r2,training_length_days,training_time_minutes
0,0.10588607906403852,0.1396889795473635,0.36017122079644803,0.9603596729297882,0.8581187085178754,-19.43548081261191,-2.2633063671822518,-6.467146504311192,17.596867398037638,0.24533484473474798,342,2.4408074433333242
