,MAE,RMSE,NSE,alpha,beta,HFV,HFV10,LFV,FDC,training_length_days,training_time_minutes
0,5285.678519947015,6721.132119813421,-0.265921292631494,0.0,0.5432098588553325,0.18668740734710954,0.23399501736840295,1.5192751624558678,8.188953367773797,3797,36.000834222316676
