,MAE,RMSE,NSE,alpha,beta,HFV,HFV10,LFV,FDC,training_length_days,training_time_minutes
0,163.90192383321872,183.0159497038869,-11.202046532223429,1.9316892706427888,8.201898718049488,2.0025009385105363,4.047743099252447,39.21061707502777,-352.1406780207684,2413,80.24322040188333
