,MAE,RMSE,NSE,alpha,beta,HFV,HFV10,LFV,FDC,training_length_days,training_time_minutes
0,1.238664403803868,1.43397000650744,-2.018570383446239,0.4197359367830344,1.99430805426494,0.8631207728605801,1.2398841623135006,3.0914699812555626,9.152556725469195,3672,42.03334049963353
