,MAE,RMSE,NSE,alpha,beta,HFV,HFV10,LFV,FDC,training_length_days,training_time_minutes
0,1.23536371258069,1.7234615364712609,-10.115095421848794,2.2841750250987536,2.7720675330556293,2.489573358695781,2.9771265686598407,2.7611550947657664,-43.433413448172594,2166,91.43875927069942
