,MAE,RMSE,NSE,alpha,beta,HFV,HFV10,LFV,FDC,training_length_days,training_time_minutes
0,0.06477192466755197,0.13321672226626002,-0.03516493328816006,0.6068685451239092,0.5460456064075818,0.5827556381926018,0.7158639557060359,0.17799828070878518,0.06643345846892595,691,3.568234961666682
