,MAE,RMSE,NSE,alpha,beta,HFV,HFV10,LFV,FDC,training_length_days,training_time_minutes
0,0.2983357503406003,0.43269077056832084,-31.744297813205037,4.172657335961654,10.689431308191626,9.730302859263015,16.96373273856422,4.914263027706232,1.2272246582679303,3984,97.69060071236648
