,MAE,RMSE,NSE,alpha,beta,HFV,HFV10,LFV,FDC,training_length_days,training_time_minutes
0,798.770082497205,851.2769669189087,-21.86713849547386,1.720277211912928,16.182531574076666,2.5402754320220895,6.1143240969046175,112.77768403249223,320.8139715007321,4316,95.44252556209976
