,MAE,RMSE,NSE,alpha,beta,HFV,HFV10,LFV,FDC,training_length_days,training_time_minutes
0,0.06493946102612619,0.13311617907427667,-0.03360297456478456,0.6315705801566758,0.5742482481668569,0.6067746585021431,0.7478057313270229,0.19415140184491328,0.07630524004009788,691,4.893201773333325
