,MAE,RMSE,NSE,alpha,beta,HFV,HFV10,LFV,FDC,training_length_days,training_time_minutes
0,0.19547600243095603,0.4245438566063634,0.1664734838118922,1.0699791322962613,1.1341446320267967,1.2791940075742165,1.414450369897792,0.38589175705572076,-0.1340877463410353,4415,301.1355528015168
