,MAE,RMSE,NSE,alpha,beta,HFV,HFV10,LFV,FDC,r2,training_length_days,training_time_minutes
0,0.44317883329364005,0.7155440217048238,0.37138242517135367,0.7795532232645136,1.2227993545362914,-38.44712386845489,-11.746232393257937,8.577879357466312,-11.571669577178149,0.1208210918993754,434,22.401696029999584
