,MAE,RMSE,NSE,alpha,beta,HFV,HFV10,LFV,FDC,training_length_days,training_time_minutes
0,0.3452134724829488,0.4878237283748823,0.3029294091657273,1.3591199790637787,1.0023596161074049,1.2392045162984422,1.3020206442894522,0.7460238157411968,0.9722086833314448,4022,237.54338817333337
