,MAE,RMSE,NSE,alpha,beta,HFV,HFV10,LFV,FDC,training_length_days,training_time_minutes
0,1.0023545134195377,1.3198968704590988,-73.69584557524406,5.775664761032313,2.110411002317601,2.565348158902407,2.9277865657466635,2.110411002317601,,4633,24.589170485149953
