,MAE,RMSE,NSE,alpha,beta,HFV,HFV10,LFV,FDC,training_length_days,training_time_minutes
0,127.72131299441281,146.7255267890529,-14.204324786060145,2.0426268488482107,13.456105953883064,2.801912891708734,6.906973893637591,37.4843501026916,-297.4123483307194,1782,58.91453826561629
