,MAE,RMSE,NSE,alpha,beta,HFV,HFV10,LFV,FDC,training_length_days,training_time_minutes
0,2.39580628006087,2.7383508704379707,-0.13273596207448723,0.21159865749392662,1.4291288702375682,0.677759576892362,0.8219685879151168,2.279606380700998,6.429409685450293,3074,107.62137759166666
