,MAE,RMSE,NSE,alpha,beta,HFV,HFV10,LFV,FDC,training_length_days,training_time_minutes
0,137.10155588770544,273.76653419828676,-0.7162967058296226,1.625810120496235,1.4786495532011223,1.673867839219405,1.746779959607174,0.7521026176075319,0.07737883674702727,4173,654.0024314605166
