,MAE,RMSE,NSE,alpha,beta,HFV,HFV10,LFV,FDC,r2,training_length_days,training_time_minutes
0,0.8821074948561466,1.19533047858493,0.3947094735530148,0.7362838921516774,1.3268808790005873,-30.54714239269442,-20.928552998114352,3.4365841568644147,-51.25482483291736,0.0371055384297021,197,7.235741233333344
