,MAE,RMSE,NSE,alpha,beta,HFV,HFV10,LFV,FDC,training_length_days,training_time_minutes
0,0.5476336306145443,0.7038795628285245,-0.14782601476124246,0.28668381190212294,0.9112221787835572,0.6011480005027015,0.6796510439013452,1.127768498482626,1.855200679125138,4089,76.22006638946671
