,MAE,RMSE,NSE,alpha,beta,HFV,HFV10,LFV,FDC,training_length_days,training_time_minutes
0,14.096976032761207,96.010461118621,-0.01578214552503443,0.0,0.20836860086448064,0.010360428535515866,0.04704087745161546,2.1995131459884365,-21.577453762599095,3662,31.683566831683855
