,MAE,RMSE,NSE,alpha,beta,HFV,HFV10,LFV,FDC,training_length_days,training_time_minutes
0,0.3469219569792905,0.4406288946188328,0.34397279711023876,0.8954204537544871,1.5699433981203499,0.9146254798621697,1.1773316724090872,2.517765436991453,8.090536489777628,2413,236.04873318426664
