,MAE,RMSE,NSE,alpha,beta,HFV,HFV10,LFV,FDC,training_length_days,training_time_minutes
0,0.20798860736291147,0.3119111380199523,-0.2861217691496456,1.1810983440475449,0.8901587209792862,1.0378848520474335,1.228670508874284,0.6331674465212364,0.6105959853422082,1982,277.3549686416666
