,MAE,RMSE,NSE,alpha,beta,HFV,HFV10,LFV,FDC,training_length_days,training_time_minutes
0,1055.395686454445,1446.041818744581,-0.09622316290873578,0.8584053697414282,2.326986294025959,0.7672859464393992,1.5000722747613844,5.116213489602975,14.30626759859365,4128,121.46730349423403
