,MAE,RMSE,NSE,alpha,beta,HFV,HFV10,LFV,FDC,training_length_days,training_time_minutes
0,680.6453359400692,806.7593515196827,-2.0488088037782117,0.9770030578578458,4.135019375316856,1.1159277679943407,2.4232136998228904,8.654145517955113,8.223810945784807,4054,70.37989534076672
