,MAE,RMSE,NSE,alpha,beta,HFV,HFV10,LFV,FDC,r2,training_length_days,training_time_minutes
0,0.2752805966459429,0.33968536477210887,0.4283845842707864,0.7594253498431549,1.3008944006346255,-33.88732487523107,-14.268146927891474,3.075960955386955,-36.40445011489242,0.209422567485674,312,31.274358485000267
