,MAE,RMSE,NSE,alpha,beta,HFV,HFV10,LFV,FDC,training_length_days,training_time_minutes
0,494.66593871343184,624.8773060774688,-0.7071200587145283,0.6027162660858578,4.31472680596473,0.6265323355508329,1.6547349874458022,206.47427545154562,-466.0207731072195,2857,47.36022835333327
