,MAE,RMSE,NSE,alpha,beta,HFV,HFV10,LFV,FDC,training_length_days,training_time_minutes
0,0.4954274731799399,0.5781671277529761,0.20724898612912013,0.3536669113270789,1.2510642906128384,0.5638852709319047,0.7712025031038038,1.7536057076669935,1.9705874147447588,775,5.98805957166666
