,MAE,RMSE,NSE,alpha,beta,HFV,HFV10,LFV,FDC,training_length_days,training_time_minutes
0,2.219107370620153,2.6238094590140935,-0.2116299512314812,0.1525280291121116,1.5468165741442457,0.6239740989184983,0.7831468160199816,3.353503930767097,18.145580264876436,449,2.8954506916666674
