,MAE,RMSE,NSE,alpha,beta,HFV,HFV10,LFV,FDC,training_length_days,training_time_minutes
0,0.2665362240164592,0.3367424817260667,0.020625513768915194,1.4991405623106122,0.8838968607791681,1.2658789982701006,1.3027578023744735,0.45540633094482824,0.10345699935663409,3041,96.57599134259993
