,MAE,RMSE,NSE,alpha,beta,HFV,HFV10,LFV,FDC,training_length_days,training_time_minutes
0,302.47893081177,485.76878571492136,-0.10535398882881597,0.6804750391803553,2.1963605437351643,0.7542417224656626,1.488737136853251,3.846404079820211,2.81221853683213,4054,81.70396708431653
