,MAE,RMSE,NSE,alpha,beta,HFV,HFV10,LFV,FDC,r2,training_length_days,training_time_minutes
0,0.414498975215302,0.6626310057179843,0.11184811573610609,0.8321330416022001,1.571903933877499,-34.80756818640008,-5.103690940131604,36.07326023929115,27.466489831134844,0.14936426548586434,352,3.451450546666456
