,MAE,RMSE,NSE,alpha,beta,HFV,HFV10,LFV,FDC,r2,training_length_days,training_time_minutes
0,0.6801198799395459,0.7650960218209271,-0.2831035656112999,0.5753422858860541,1.1235229618015223,-20.46974136812712,-19.42987839659509,-11.080119918048164,-81.79364608488609,0.05895386066054842,201,6.4408771383332954
