,MAE,RMSE,NSE,alpha,beta,HFV,HFV10,LFV,FDC,training_length_days,training_time_minutes
0,40.59929438634451,76.34114215042509,-0.35755941434594196,4.06670098785877e-17,0.15796600214772472,0.02644177766055651,0.05489635491404324,0.41611107609273856,1.6706026394710054,3041,27.46740062125027
