,MAE,RMSE,NSE,alpha,beta,HFV,HFV10,LFV,FDC,training_length_days,training_time_minutes
0,0.10195536096265173,0.14440877653803816,0.56413994189524,0.8982888996302899,0.4999116187381803,0.8608333716257509,0.7941164309659418,0.18805080379446582,0.5250703880814712,1213,70.43868882166667
