,MAE,RMSE,NSE,alpha,beta,HFV,HFV10,LFV,FDC,training_length_days,training_time_minutes
0,0.36256091730157386,0.4870770008883674,-0.6038557776530746,0.862782566281383,1.1666791771811866,0.863040307704443,0.9819608230215221,1.8317589252492943,2.7871657795290705,2536,74.2392778883334
