,MAE,RMSE,NSE,alpha,beta,HFV,HFV10,LFV,FDC,training_length_days,training_time_minutes
0,1.3319542879757449,1.646647628636822,-0.14917141280579016,0.5200075525466047,1.328753430387227,0.6512169312748525,0.8598911943245934,1.9147884368695254,2.1300567291206676,2217,122.51603490000004
