,MAE,RMSE,NSE,alpha,beta,HFV,HFV10,LFV,FDC,r2,training_length_days,training_time_minutes
0,0.2755544021108601,0.44204864078284717,0.2231861223386733,0.8863797609704479,1.2036420720918108,-30.318767928960582,-1.1820994637983062,14.609758787827646,-0.6542050227718796,0.25394006725806617,287,11.311452675000085
