,MAE,RMSE,NSE,alpha,beta,HFV,HFV10,LFV,FDC,training_length_days,training_time_minutes
0,0.8701421496166224,1.2339125832150506,-0.6976846348775021,1.3519136099863864,1.4682843677155317,1.0822638177169073,1.4722049668651165,1.322409184928557,1.0565659640846394,4322,426.5905751521335
