,MAE,RMSE,NSE,alpha,beta,HFV,HFV10,LFV,FDC,training_length_days,training_time_minutes
0,459.25717275515535,655.6829463905851,-1.1913632890550558,1.0571813977069688,2.1744135109547362,1.0790517757576257,1.4995544719655949,5.117184117662647,-11.372710040338326,4385,348.27951263199986
