,MAE,RMSE,NSE,alpha,beta,HFV,HFV10,LFV,FDC,training_length_days,training_time_minutes
0,0.2762634676873432,0.35577044730058505,0.18782634763170158,1.0218555657477504,1.7085527143975403,0.9061149911044571,1.311202906710125,2.5318289083041754,-3.1885097373909868,2265,14.35891661333347
