,MAE,RMSE,NSE,alpha,beta,HFV,HFV10,LFV,FDC,training_length_days,training_time_minutes
0,266.94754475259253,389.9909723874282,-1.6167205751183396,1.3684277316018727,1.8375716558225281,1.3519902861458184,1.6582478258960396,2.2021700685756476,2.2960619492261514,4796,911.3604858996
