,MAE,RMSE,NSE,alpha,beta,HFV,HFV10,LFV,FDC,training_length_days,training_time_minutes
0,0.30386283583735507,0.4367301964816211,-0.289426253592068,0.20635794868835294,0.6178302763026907,0.2444073704193109,0.3408630537581552,1.4914507919710902,4.086530002015291,2536,15.152845334999922
