,MAE,RMSE,NSE,alpha,beta,HFV,HFV10,LFV,FDC,training_length_days,training_time_minutes
0,0.5777275461887791,0.7433933707607925,-0.05186048035427926,1.0774003169709476,1.3842428758423317,1.1315050101807982,1.3395118775438255,1.4717316585701734,,1670,59.519896976667226
