,MAE,RMSE,NSE,alpha,beta,HFV,HFV10,LFV,FDC,r2,training_length_days,training_time_minutes
0,0.5460334431864119,0.6696830671025277,0.23660230109728664,0.6849309937567439,1.22169546361174,-11.87567745880586,-8.394591847983772,-2.6613697030855956,-85.38572678350532,0.015767104708020674,534,4.270364726666594
