,MAE,RMSE,NSE,alpha,beta,HFV,HFV10,LFV,FDC,training_length_days,training_time_minutes
0,116.7791371393844,162.43045609228457,-0.2474531760422738,1.2391068675159087,1.7911529020153398,1.325516188688034,1.4917046760054742,2.4267453720073617,2.306250401695966,4282,121.20756240764992
