,MAE,RMSE,NSE,alpha,beta,HFV,HFV10,LFV,FDC,r2,training_length_days,training_time_minutes
0,0.8099712973572821,1.1485262521926514,0.6592838729290391,0.7488012418294626,1.044932398524378,-45.953793524900796,-27.999608238532595,-7.299753564918188,-13.994947575504158,0.05800064440298325,418,47.02545069500011
