,MAE,RMSE,NSE,alpha,beta,HFV,HFV10,LFV,FDC,training_length_days,training_time_minutes
0,88.23400676035405,94.96076609163907,-1001.7661778025464,11.763153720102393,29.246896739369216,16.878493233215853,17.97162669860131,48.84555632132678,-47.062835400362744,4615,33.9540575220332
