,MAE,RMSE,NSE,alpha,beta,HFV,HFV10,LFV,FDC,training_length_days,training_time_minutes
0,14.37875311604848,95.12301074723172,0.0029093601976850625,0.037995632092144224,0.2184762562716762,0.045893028244913966,0.14205240121849572,0.6838604432341377,-1.1530187998430848,3662,40.9720938318671
