,MAE,RMSE,NSE,alpha,beta,HFV,HFV10,LFV,FDC,training_length_days,training_time_minutes
0,0.7760508239714774,1.3657400837384155,0.23901165770110877,0.7106136123168793,1.2717074275923597,0.6575646408443686,1.0154314875903017,1.6433811555960258,0.2818337815093795,2857,73.98372415333337
