,MAE,RMSE,NSE,alpha,beta,HFV,HFV10,LFV,FDC,training_length_days,training_time_minutes
0,4.041755817957556,4.510456277250273,-1.4930939250259359,0.5631318445577502,2.124006566583156,0.75216608691486,1.1158199971589,3.6650404251818145,5.400301770012652,2675,45.45805133389998
