,MAE,RMSE,NSE,alpha,beta,HFV,HFV10,LFV,FDC,training_length_days,training_time_minutes
0,33.96120826338835,63.437526745384396,0.15216703380018148,0.8531448521686315,1.8226285845061192,0.8394451972030051,1.3907861286532577,3.4249420687426158,-3.0939179291885206,3874,73.90365327333323
