,MAE,RMSE,NSE,alpha,beta,HFV,HFV10,LFV,FDC,training_length_days,training_time_minutes
0,36.234598103519865,45.047917159151844,-1.9336612407966953,0.932215750447333,2.7441942684218144,1.0443505901222787,1.4200818208540193,8.084450888607428,50.132688303322794,4294,85.94384457071665
