,MAE,RMSE,NSE,alpha,beta,HFV,HFV10,LFV,FDC,training_length_days,training_time_minutes
0,221859.80281005066,280752.9454903862,-2794770628.723403,32396.127993281825,-89359.99511833518,-0.003774201415842014,-0.03504605493857334,-1895864.8626779697,1953594.717375166,4760,15.63261639723302
