,MAE,RMSE,NSE,alpha,beta,HFV,HFV10,LFV,FDC,training_length_days,training_time_minutes
0,19.236986268885886,22.97367249318035,-0.46024860137102097,1.3625865311601344,2.7978707433366585,1.3204724103384538,1.7826169682632946,13.470243435742676,185.6184013721048,2406,27.232618221666673
