,MAE,RMSE,NSE,alpha,beta,HFV,HFV10,LFV,FDC,training_length_days,training_time_minutes
0,50.71709456306597,72.82713412159701,-0.1310841191852663,0.6745398391802098,0.9955521474242945,0.6722326878117401,0.7797405157200029,1.6363049672231136,2.493499977597476,1704,39.714083688366614
