,MAE,RMSE,NSE,alpha,beta,HFV,HFV10,LFV,FDC,training_length_days,training_time_minutes
0,1.403027483832365,1.6548786220692633,-1.4599868370972384,1.7785338719505677,1.516810953812594,1.0575405229198158,1.55693481809683,1.1619920928891225,-17.824448877082162,2586,309.1726079849997
