,MAE,RMSE,NSE,alpha,beta,HFV,HFV10,LFV,FDC,training_length_days,training_time_minutes
0,0.5189226716415086,0.7130083981220466,-0.9489560491761413,0.2225836778524262,0.14407904259238152,0.20968072716385924,0.19232933962389115,0.08195074583951766,0.04853742971816573,4017,424.8675361634659
