,MAE,RMSE,NSE,alpha,beta,HFV,HFV10,LFV,FDC,training_length_days,training_time_minutes
0,3.819159005798657,3.983768343429904,-16.004407727593545,1.3760112733268324,6.63516544273423,1.6439049400830918,3.4100091331551146,13.986774085254034,29.853251630339322,3711,61.59615645828332
