,MAE,RMSE,NSE,alpha,beta,HFV,HFV10,LFV,FDC,training_length_days,training_time_minutes
0,13.780749562104942,24.599223087095343,-0.4509387454812577,0.0,-0.12281259453710139,-0.031679703115925086,-0.06345260441957717,-0.1821007017728034,-0.29184942039172607,3357,92.27408249408327
