,MAE,RMSE,NSE,alpha,beta,HFV,HFV10,LFV,FDC,training_length_days,training_time_minutes
0,155.22805654233275,183.72996371983137,-0.7038448692782142,0.0,0.582858931056673,0.2944600917345369,0.3654659882355125,0.7610214724822978,-24.370594159113796,1704,88.85706359285008
