,MAE,RMSE,NSE,alpha,beta,HFV,HFV10,LFV,FDC,training_length_days,training_time_minutes
0,0.26094281952002746,0.4760801643592527,0.07041410617531885,1.2166527814876709,1.253428023454923,1.1496572292711011,1.5809132591812913,0.5329462944856359,0.022192763778945097,3052,50.95670064340002
