,MAE,RMSE,NSE,alpha,beta,HFV,HFV10,LFV,FDC,training_length_days,training_time_minutes
0,2.1167482523469725,2.9563368867087747,-0.558375566479566,3.590374930996512e-05,0.4869953063865935,0.2008398907387626,0.22987483809946027,0.955056160553113,1.7859626415501726,4131,160.94308619333316
