,MAE,RMSE,NSE,alpha,beta,HFV,HFV10,LFV,FDC,r2,training_length_days,training_time_minutes
0,2.5752422673601316,3.0500613244987678,-35.366510555621886,3.543173347636924,3.932885763425626,308.2860632282472,364.7045463690299,300.42268988346177,-51.860788720071554,0.013951818389104531,450,4.076401638333482
