,MAE,RMSE,NSE,alpha,beta,HFV,HFV10,LFV,FDC,training_length_days,training_time_minutes
0,1.7362817687011463,2.0061285702590244,-10.381984481240359,1.798724000111635,4.065150998283275,1.6934156995596528,2.5484706589782413,6.57077112607856,39.24927781355479,699,4.185425351666678
