,MAE,RMSE,NSE,alpha,beta,HFV,HFV10,LFV,FDC,training_length_days,training_time_minutes
0,1.3949699923652903,2.012450489326623,0.24368214619921236,0.945593653530591,0.9265483809648772,0.8884884651549096,0.9352898593414511,0.793222570706638,0.42325149421091657,4016,280.1392294219831
