,MAE,RMSE,NSE,alpha,beta,HFV,HFV10,LFV,FDC,training_length_days,training_time_minutes
0,0.9792706337501847,1.387538732557166,0.0012696368021725135,0.7149028224762483,1.1097076609728942,0.8365038453292881,0.8511189617207464,1.4572505552131907,1.2620410175628627,5110,348.1317078731003
