,MAE,RMSE,NSE,alpha,beta,HFV,HFV10,LFV,FDC,training_length_days,training_time_minutes
0,0.3226565509708211,0.3772434317413158,-0.8447530308014122,1.4311446810534052,2.0850088976783563,1.275351872598923,1.7103797532170553,2.4759783519134033,1.1657888201046442,2203,254.90460483000012
