,MAE,RMSE,NSE,alpha,beta,HFV,HFV10,LFV,FDC,training_length_days,training_time_minutes
0,414.81496185236847,533.7733873797782,-2.9442328951592454,1.6111495386671073,3.2324413751927064,1.6995392104990033,2.423154457115538,4.923396996226056,4.7967025458142585,2711,234.5815625133342
