,MAE,RMSE,NSE,alpha,beta,HFV,HFV10,LFV,FDC,training_length_days,training_time_minutes
0,36.009225163446885,158.61571834559885,-0.048517574045901846,0.0,0.0748374884985123,0.005905204081879146,0.020725664514347333,0.4320763888618772,inf,2556,8.234998238333112
