,MAE,RMSE,NSE,alpha,beta,HFV,HFV10,LFV,FDC,training_length_days,training_time_minutes
0,1.1654133759232497,1.6114312293132615,0.5369927004942819,0.8613515350671286,0.9353832808155603,0.800820664480896,0.8446495204151906,0.9521408509914765,1.016743559487615,4131,249.06239264333368
