,MAE,RMSE,NSE,alpha,beta,HFV,HFV10,LFV,FDC,training_length_days,training_time_minutes
0,0.3263553436746109,0.6147706209751926,0.33890705960436496,0.6965851732243246,0.6599262015093069,0.5670128325031806,0.7961606237929911,0.32593259263005003,0.15292511697318087,660,3.319596644999971
