,MAE,RMSE,NSE,alpha,beta,HFV,HFV10,LFV,FDC,r2,training_length_days,training_time_minutes
0,0.536808730377263,0.6612830050224315,0.2556333046898587,0.6707243350330643,1.2248630437656647,-14.338853809475829,-9.686151350819372,-3.085739491157919,-86.28200118166752,0.015515675689027675,534,3.9048859133336618
