,MAE,RMSE,NSE,alpha,beta,HFV,HFV10,LFV,FDC,training_length_days,training_time_minutes
0,0.5219434463166819,0.7391611727532159,0.2270304185116162,0.7004178808547953,0.5418492520043587,0.5931995399052036,0.6983677722206834,0.2993497303769065,0.06651708774858764,3874,372.2081505550004
