,MAE,RMSE,NSE,alpha,beta,HFV,HFV10,LFV,FDC,training_length_days,training_time_minutes
0,246.74171492921494,590.6598931293195,-0.20440920297765786,0.0,0.04512762692500177,0.005737794214245794,0.01598296730315124,0.08485867451270812,,1704,19.241048370000986
