,MAE,RMSE,NSE,alpha,beta,HFV,HFV10,LFV,FDC,training_length_days,training_time_minutes
0,0.1845188598137287,0.26251906444160955,0.6184612175441059,0.9487771965130166,0.919085386303534,1.008831006307166,0.9281553361191538,0.9386953500555596,0.8807408676005939,4282,169.4703981009831
