,MAE,RMSE,NSE,alpha,beta,HFV,HFV10,LFV,FDC,training_length_days,training_time_minutes
0,0.24645900791509268,0.4110939419757848,-0.08440449892128798,1.4061602359038004e-16,0.635544670657399,0.11765777251616426,0.22220644449075966,1.7797861639450512,-6.272901133623433,2265,7.221257484999175
