,MAE,RMSE,NSE,alpha,beta,HFV,HFV10,LFV,FDC,training_length_days,training_time_minutes
0,431.84420058858495,572.310787333656,-1.4950267285506675,1.0745058738199864,1.585398219147879,1.0286516220821693,1.4536422803953912,1.7128292431611432,2.852393665288714,3672,40.63031100976708
