,MAE,RMSE,NSE,alpha,beta,HFV,HFV10,LFV,FDC,training_length_days,training_time_minutes
0,0.7628693859740253,0.8957358589365887,-0.8129114898164003,0.8346652978978091,2.124604209001632,0.7980891587700591,1.43486350516668,3.197457995879459,-4.740955600655648,2104,16.366754575316676
