,MAE,RMSE,NSE,alpha,beta,HFV,HFV10,LFV,FDC,r2,training_length_days,training_time_minutes
0,0.4081128064745842,0.487051924620568,0.08788131087480766,0.6222002301241071,1.3833538046472795,2.0625700033469663,-10.37522356380776,-1.1161841712962524,-79.01665724754297,0.33612851403205113,147,4.778350498333263
