,MAE,RMSE,NSE,alpha,beta,HFV,HFV10,LFV,FDC,r2,training_length_days,training_time_minutes
0,0.1516320464375372,0.18823356272455585,-0.45443566810176983,0.9681342559358781,1.205713958565177,-5.908395824146035,3.57987978957755,11.417955514947957,-8.997030867474315,0.055341361255043076,460,3.8414606949999626
