,MAE,RMSE,NSE,alpha,beta,HFV,HFV10,LFV,FDC,r2,training_length_days,training_time_minutes
0,1.004772306426857,1.1253351324956733,-3.869278130443556,1.2149206498946297,2.0666888400304138,-14.87800884361094,10.383198305294082,45.460661217219695,-94.03446381830518,0.2932383185654871,147,3.602308559999801
