,MAE,RMSE,NSE,alpha,beta,HFV,HFV10,LFV,FDC,training_length_days,training_time_minutes
0,0.48405105442358903,0.9305041691879776,0.21038963661565235,1.1662352913352396,1.1488683660537502,1.261611620592606,1.5606600756527682,0.18178721111939808,-1.0019974654184292,680,7.319409943333327
