,MAE,RMSE,NSE,alpha,beta,HFV,HFV10,LFV,FDC,training_length_days,training_time_minutes
0,0.2700192012325425,0.34409233377537796,0.24027021952770022,0.9424444997935684,1.6466824597141074,0.8198820082854669,1.2261109337994673,2.5152296801626237,-3.5012294158778348,2265,21.056023603334324
