,MAE,RMSE,NSE,alpha,beta,HFV,HFV10,LFV,FDC,training_length_days,training_time_minutes
0,17.28572354176647,20.736084094905372,-0.1896506294331446,1.2918583418620975,2.6075400770783697,1.257781735268683,1.6817819752909968,12.35505637096642,152.01399634594225,2406,30.325906844999995
