,MAE,RMSE,NSE,alpha,beta,HFV,HFV10,LFV,FDC,r2,training_length_days,training_time_minutes
0,0.1241755723358781,0.24120349517457745,0.2437012549938279,0.41875700030088475,0.6134685305876135,-61.602917845613,-56.80558776629496,-45.71684449378073,6.124340868053219,0.16552306680592077,231,2.0152465416666625
