,MAE,RMSE,NSE,alpha,beta,HFV,HFV10,LFV,FDC,training_length_days,training_time_minutes
0,0.8035110407930958,1.2298619041761507,-12.243947920259993,3.0760558499976565,5.724471148414427,3.3663030986236246,5.41540233523778,6.012866731691135,-8.702100584077831,1782,59.81257317410006
