,MAE,RMSE,NSE,alpha,beta,HFV,HFV10,LFV,FDC,training_length_days,training_time_minutes
0,0.2910462459425451,0.7130051708696153,0.2832324285772754,0.5270640892071239,0.7259712384943274,0.5294939312805557,0.7272979605996119,0.6242215066697887,0.5879445535637824,3392,124.35661087501673
