,MAE,RMSE,NSE,alpha,beta,HFV,HFV10,LFV,FDC,training_length_days,training_time_minutes
0,3.059590280950205,3.29173754512466,-3.2177547395799424,5.541351213849466e-16,2.766773708909314,0.7054927368999505,1.048123495434496,7.495810252762932,31.663150492264403,4338,82.89716839954976
