,MAE,RMSE,NSE,alpha,beta,HFV,HFV10,LFV,FDC,training_length_days,training_time_minutes
0,0.7311459415856794,1.178854504791062,-0.4737899509644108,1.5042916830129662,1.2407172536304276,1.373330325188672,1.3310298770031577,1.1384262077922138,1.2782024664680742,4444,361.15607479281704
