,MAE,RMSE,NSE,alpha,beta,HFV,HFV10,LFV,FDC,training_length_days,training_time_minutes
0,882.6835816917281,2744.611481728204,-41.12653296013265,6.233368853525861,3.2402195471040622,6.251679612388207,4.271944008106011,2.002259069610592,0.9782905741024956,4444,395.4653200503999
