,MAE,RMSE,NSE,alpha,beta,HFV,HFV10,LFV,FDC,training_length_days,training_time_minutes
0,9.187214421871913,12.44139682439226,-1.2092667512533333,1.3475438363614052,2.7597740696297115,1.1300084723592014,1.9744031684999956,4.685821103660472,4.916021624669529,2265,47.47562511000045
