,MAE,RMSE,NSE,alpha,beta,HFV,HFV10,LFV,FDC,training_length_days,training_time_minutes
0,12.096254492128613,14.746250806029698,-6.858774332194509,1.7434367197937783,1.3212474020638008,1.572748428469086,1.561227977831175,1.1718337836641688,1.3424537955229856,4069,74.21110875589996
