,MAE,RMSE,NSE,alpha,beta,HFV,HFV10,LFV,FDC,training_length_days,training_time_minutes
0,0.8597892068351449,1.457511789258661,0.08677213756158797,1.2182192961935812,1.1930924135429217,1.242135461675376,1.1999098114735138,1.193043938739598,0.8407708213762703,2463,215.89068250333366
