,MAE,RMSE,NSE,alpha,beta,HFV,HFV10,LFV,FDC,training_length_days,training_time_minutes
0,1.0646846883715482,1.2449951587294934,-0.3923095984101115,0.9464848952640665,1.989134243230613,0.7486020694061237,1.2413164813001072,3.357898341292721,0.0021362723517986074,2586,218.85514083000015
