,MAE,RMSE,NSE,alpha,beta,HFV,HFV10,LFV,FDC,training_length_days,training_time_minutes
0,0.26333820055678286,0.4695925346709282,0.09557674908051872,1.2304939957056993,1.2754928004900987,1.1526195599061484,1.601272721316721,0.5526208758333229,0.02131633069680947,3052,67.96118704415002
