,MAE,RMSE,NSE,alpha,beta,HFV,HFV10,LFV,FDC,training_length_days,training_time_minutes
0,86.7509016268526,115.57884757695234,-0.0080729483609836,0.0,0.8973324051871538,0.19629100575875869,0.31016008307229553,3.3690029759557505,14.226020284623216,2536,5.968138159999944
