,MAE,RMSE,NSE,alpha,beta,HFV,HFV10,LFV,FDC,training_length_days,training_time_minutes
0,6.472548998621825,11.441597868832066,-0.8684575332348012,1.480881472616748,1.9512503213554329,1.198813526753092,1.8611420340490448,1.5538796323141992,0.34098122520541196,2265,46.30571993999959
