,MAE,RMSE,NSE,alpha,beta,HFV,HFV10,LFV,FDC,training_length_days,training_time_minutes
0,0.548150965187302,0.7893635569898096,0.5070771443456051,0.5664934209351842,1.1800770867787014,0.48427391080100424,0.725294182682431,2.4550879550372406,-21.051024877424492,2406,15.241357133333334
