,MAE,RMSE,NSE,alpha,beta,HFV,HFV10,LFV,FDC,training_length_days,training_time_minutes
0,0.5983944671836514,0.8922675977919804,0.3740791569369545,0.9918073944205247,0.6723735986924062,0.9722389079047367,0.9654203489088503,0.18351252713297336,0.0038847115194529137,2301,145.81242301999978
