,MAE,RMSE,NSE,alpha,beta,HFV,HFV10,LFV,FDC,training_length_days,training_time_minutes
0,0.3489892448000411,0.5177385354261341,0.7879463300226238,1.0282539144956304,1.2341391464857467,1.0848907721609395,1.0929610547377417,1.725984841167087,-9.28291782652501,2406,35.11054266166669
