,MAE,RMSE,NSE,alpha,beta,HFV,HFV10,LFV,FDC,r2,training_length_days,training_time_minutes
0,0.4505172268490073,0.6512848419412951,-0.5148346858746569,1.1138402158319043,1.2552892497246824,3.401941874290912,9.450159762160672,24.24305717361657,15.753229701662214,0.26691107211099363,425,4.815296965000016
