,MAE,RMSE,NSE,alpha,beta,HFV,HFV10,LFV,FDC,training_length_days,training_time_minutes
0,0.24925155378821542,0.4207240914131129,0.2740209087867279,1.22099646062541,1.182791573718967,1.1327069175142412,1.5592268719327662,0.4084138582952399,0.009317893759327562,3052,163.77433188314996
