,MAE,RMSE,NSE,alpha,beta,HFV,HFV10,LFV,FDC,r2,training_length_days,training_time_minutes
0,0.5248203555690047,0.7357130673242949,0.22401866222525657,0.8464203192674715,1.5717590524485459,-30.069532703552728,3.272678179223573,35.84224900587458,-7.102794274070434,0.023463129663187643,205,1.713929639999939
