,MAE,RMSE,NSE,alpha,beta,HFV,HFV10,LFV,FDC,training_length_days,training_time_minutes
0,1.5343022554492676,1.887785662174265,0.39300535105310064,0.994881979124401,0.7444779543217539,0.8485014657874446,0.8957954159454259,0.5744335549369115,0.6016369679495324,2210,167.0691633800006
