,MAE,RMSE,NSE,alpha,beta,HFV,HFV10,LFV,FDC,training_length_days,training_time_minutes
0,0.3577040815439198,0.6376445057842577,0.2887970433501217,0.648702756542521,0.5345868177484998,0.5308719584853389,0.7106464937641556,0.18094649107483315,0.0486210354839323,660,2.642402325000027
