,MAE,RMSE,NSE,alpha,beta,HFV,HFV10,LFV,FDC,r2,training_length_days,training_time_minutes
0,0.7368155513192952,1.095383437864772,0.35269025837158574,0.7997884566516267,0.949862164122337,-33.46828988241116,-20.655135224156833,-7.862342948880043,57.980908187855654,0.06268246389274656,382,9.29100545666685
