,MAE,RMSE,NSE,alpha,beta,HFV,HFV10,LFV,FDC,training_length_days,training_time_minutes
0,0.4699253523587017,0.8510338284478373,-0.024655224994341696,1.3205422043002272e-16,0.8641871271709806,0.2074067816553177,0.3957543582224516,1.474593557947958,3.152034600691633,3874,202.45512297500002
