,MAE,RMSE,NSE,alpha,beta,HFV,HFV10,LFV,FDC,training_length_days,training_time_minutes
0,11.11066328193904,23.137899011947766,-0.2836722072869058,0.6592996574918429,0.34843015484411355,1.1778841150985622,0.8225650828948904,0.007186905683014198,-0.0034801896390593977,3357,80.81948031348341
