,MAE,RMSE,NSE,alpha,beta,HFV,HFV10,LFV,FDC,training_length_days,training_time_minutes
0,74.31370078740157,82.23895349796801,-0.08460200779285776,0.0,1.1532955656222739,0.622402080000726,0.7269307484762781,1.1532955656222736,,3309,91.279518815
