,MAE,RMSE,NSE,alpha,beta,HFV,HFV10,LFV,FDC,r2,training_length_days,training_time_minutes
0,0.7728393128133294,1.080296492105124,-0.025547671528174165,0.8989980785145176,1.2250602845779286,-12.397386032266544,-7.39632931439142,8.43400732547442,-24.908174972507943,0.1479303605517961,741,42.120421899999926
