,MAE,RMSE,NSE,alpha,beta,HFV,HFV10,LFV,FDC,r2,training_length_days,training_time_minutes
0,0.21229900213069605,0.2516908677659748,0.17650474223828094,0.6854518979199862,1.7695564798720125,-37.58491233991655,-23.22014679023567,19.74610245786979,-15.111331915001788,0.14308944146772284,231,1.4776454983332465
