,MAE,RMSE,NSE,alpha,beta,HFV,HFV10,LFV,FDC,training_length_days,training_time_minutes
0,0.7788618305837491,1.3880255156890722,0.1007782911977072,0.23220248925941847,0.9415043052690444,0.3187412742968075,0.5041134442504998,1.3749679163379747,,1704,75.16063298999991
