,MAE,RMSE,NSE,alpha,beta,HFV,HFV10,LFV,FDC,training_length_days,training_time_minutes
0,0.18522521441921425,0.41875542630378126,0.055682258125333894,0.4205357882729165,0.7751034023520929,0.3540995994473025,0.7009862903306593,0.7552874695750889,0.642965819820398,3662,85.32607471774972
