,MAE,RMSE,NSE,alpha,beta,HFV,HFV10,LFV,FDC,training_length_days,training_time_minutes
0,12.115988654413634,23.17720241955225,-0.2880369547460411,0.6804863096082077,0.15459388826192566,0.8731036656948222,0.3992648540582068,-0.00046459387146641055,-0.0022413371970120923,3357,132.08715143513328
