,MAE,RMSE,NSE,alpha,beta,HFV,HFV10,LFV,FDC,training_length_days,training_time_minutes
0,0.34627801241474254,0.6407256482924836,0.4211884245600709,1.141670849161455,0.8239763786982969,1.1565379652667331,1.1717768923197427,0.14233727262042786,0.010746425549687093,3392,218.06146455714963
