,MAE,RMSE,NSE,alpha,beta,HFV,HFV10,LFV,FDC,training_length_days,training_time_minutes
0,5.4538852586309545,6.095171312945139,-3.1312653562721016,0.4717611250049519,2.6739506963208983,1.2260404026545029,1.32996407216852,5.026475133215822,-44.29760534399918,4615,44.526889203299895
