,MAE,RMSE,NSE,alpha,beta,HFV,HFV10,LFV,FDC,training_length_days,training_time_minutes
0,0.40647467963874434,0.5227495373851451,0.18538920168819983,1.255687340698614,0.7467584881593087,0.9348600463032806,1.2474915863689575,0.12052480808083653,0.11644672237926533,292,1.9763673216667181
