,MAE,RMSE,NSE,alpha,beta,HFV,HFV10,LFV,FDC,training_length_days,training_time_minutes
0,13.214526850786344,19.123361818658214,-0.011799433501353818,1.8687154748995313e-16,1.194139264343761,0.1559083784656108,0.31444413097404195,12.464268192048541,599.3729304635765,2406,5.788329653333335
