,MAE,RMSE,NSE,alpha,beta,HFV,HFV10,LFV,FDC,training_length_days,training_time_minutes
0,1.2781041021683408,1.7976108623173943,-27.294116240558317,4.099994468319339,8.641277376046444,4.331420722539297,7.659213694581735,9.82789657855244,-12.472129886684575,1782,125.01721727888314
