,MAE,RMSE,NSE,alpha,beta,HFV,HFV10,LFV,FDC,training_length_days,training_time_minutes
0,1.408734018691827,1.8270311372057662,-0.49143721191267886,0.960752509688963,0.7256660120767874,0.8258333549039272,0.856770047423991,0.568137353542457,0.23312599676154158,4099,219.56025972473313
