,MAE,RMSE,NSE,alpha,beta,HFV,HFV10,LFV,FDC,training_length_days,training_time_minutes
0,0.43909740052426544,0.5191520527041947,-110.81960969335749,6.034100066823691,6.448757776994912,7.031027907901215,7.8583189145083505,5.612486497237318,2.2015801081362345,4620,115.50004375506687
