,MAE,RMSE,NSE,alpha,beta,HFV,HFV10,LFV,FDC,training_length_days,training_time_minutes
0,1.2564966635123782,1.6634306614012142,-0.1288891443966358,0.912483530566808,2.2031924834038366,0.8611190159053214,1.4597980442231662,3.7687732505735454,2.296102498872252,2857,133.71867708333326
