,MAE,RMSE,NSE,alpha,beta,HFV,HFV10,LFV,FDC,training_length_days,training_time_minutes
0,1267.6370708917832,1978.7381189579971,0.13123552993536258,0.7159428611585883,1.4658418221990726,0.663371385122217,0.9964342413271385,2.9003115111921507,5.1665965763924735,4103,466.62625435663307
