,MAE,RMSE,NSE,alpha,beta,HFV,HFV10,LFV,FDC,training_length_days,training_time_minutes
0,1054.5352455314428,1214.7020545446906,-0.00013638217767875105,0.0,0.9887515023336648,0.28930877267930466,0.41560375099910624,3.226415746490018,28.732197104648098,4410,92.57271891434988
