,MAE,RMSE,NSE,alpha,beta,HFV,HFV10,LFV,FDC,training_length_days,training_time_minutes
0,1.0727275165168717,1.7266248505833703,-0.22604465058966827,1.0013623695700586,1.6900675697008856,1.028001756002239,1.247539454340823,2.8857590232737618,-1.8616717750161227,2323,88.5341552328
