,MAE,RMSE,NSE,alpha,beta,HFV,HFV10,LFV,FDC,training_length_days,training_time_minutes
0,1.847308751916844,2.1047862924686767,0.7299597682482626,0.7271878181788399,1.347669355202831,0.8690477728431933,0.8997272167673286,2.749338839091492,3.569270249127058,3875,191.76127169224978
