,MAE,RMSE,NSE,alpha,beta,HFV,HFV10,LFV,FDC,training_length_days,training_time_minutes
0,2096.567643040848,2329.3174408027403,-35.692855030317105,2.776117775702944,13.593619536709731,3.394825773080169,6.531408698747613,53.712525768333514,118.03809347970487,2232,33.28440754833379
