,MAE,RMSE,NSE,alpha,beta,HFV,HFV10,LFV,FDC,training_length_days,training_time_minutes
0,2.1333048009814366,2.7345374306747243,0.6558823628372018,0.9566225717450518,1.2215690739269867,0.989509596419108,1.0549389946228158,1.3307165360829831,,5064,101.52279174666667
