,MAE,RMSE,NSE,alpha,beta,HFV,HFV10,LFV,FDC,r2,training_length_days,training_time_minutes
0,0.14481805939289183,0.187171320305626,-0.4380666002243656,1.0639346891521428,1.0976840277780606,3.797568093801759,9.909236962992825,9.783897219739982,-3.346764316300867,0.06274789964909955,460,4.5489721450000316
