,MAE,RMSE,NSE,alpha,beta,HFV,HFV10,LFV,FDC,training_length_days,training_time_minutes
0,0.25617088478745864,0.4338465065416665,0.28002293995565564,0.8756532083365995,0.7816645426622714,0.760496249784785,1.1210179120993569,0.1519331827028967,0.026985903837079276,659,5.016167444999974
