,MAE,RMSE,NSE,alpha,beta,HFV,HFV10,LFV,FDC,training_length_days,training_time_minutes
0,231.3516770597461,344.1879292324683,0.2676687588906379,0.6793700878784189,1.1105552977942559,0.5897926979697311,0.7725220833755716,1.74069585299555,2.230222216534597,4131,643.8404285883328
