,MAE,RMSE,NSE,alpha,beta,HFV,HFV10,LFV,FDC,training_length_days,training_time_minutes
0,907.9383345184482,1110.3911210361348,-0.32185367422179767,0.0,1.4418371392944862,0.3724351903048941,0.6760781362457084,2.471809362646285,4.907621139363636,4617,179.3611788849162
