,MAE,RMSE,NSE,alpha,beta,HFV,HFV10,LFV,FDC,r2,training_length_days,training_time_minutes
0,0.32346534591420306,0.6039792606354348,0.26211652076532654,0.7359954523796168,1.0956205915183903,-38.72357262311102,-19.353217265894365,6.715207417880075,61.22157215713042,0.15532216576534796,352,3.064392926666672
