,MAE,RMSE,NSE,alpha,beta,HFV,HFV10,LFV,FDC,training_length_days,training_time_minutes
0,118.51652376686376,209.43410330519725,0.08774453150078365,0.6277865455464744,2.2993735641709048,0.7183189041324323,1.6430827032445736,4.965969851244078,0.3736597511389669,3683,114.59023325153335
