,MAE,RMSE,NSE,alpha,beta,HFV,HFV10,LFV,FDC,training_length_days,training_time_minutes
0,125.69725767481995,279.1675386608459,-1.0215705592824684,1.626194623099371,2.467128545502326,1.9607125945381063,2.5439316012294446,1.5457977476002536,0.15718372213404877,2240,35.94902336499993
