,MAE,RMSE,NSE,alpha,beta,HFV,HFV10,LFV,FDC,training_length_days,training_time_minutes
0,0.08961388483847484,0.1412184817175814,0.028993992688562287,1.117830807853658,0.9570858713227615,1.009491782599755,1.1790848128021743,0.6334191874485641,0.20932592063088817,4683,70.94900512666645
