,MAE,RMSE,NSE,alpha,beta,HFV,HFV10,LFV,FDC,training_length_days,training_time_minutes
0,2.960833121125221,3.707737951749729,-5.080531275428701,1.6917061707865233,2.1947495928243588,1.3132753850906795,1.972128059419095,2.1931446041429123,2.2863911048688874,4051,514.3156376333335
