,MAE,RMSE,NSE,alpha,beta,HFV,HFV10,LFV,FDC,training_length_days,training_time_minutes
0,0.41876757388092595,0.6218032244152321,0.586561070815143,0.9711150023817665,1.254594001919703,0.8712834612201695,1.1358850693494909,1.3247269686533294,0.4121112087008639,2299,27.38047975000033
