,MAE,RMSE,NSE,alpha,beta,HFV,HFV10,LFV,FDC,training_length_days,training_time_minutes
0,161.81849908188713,226.1091144061805,-1.5443943512277891,1.1818332200614958,3.0018568478451693,1.328057140271617,2.090171998855627,5.115427999668602,5.668559880382739,3784,294.0852414678836
