,MAE,RMSE,NSE,alpha,beta,HFV,HFV10,LFV,FDC,training_length_days,training_time_minutes
0,4.023453553539733,11.816159886608721,-0.12115441774021285,0.5260880661993711,2.2893877102601317,0.9925433092139679,1.9570817150401314,1.5459526388607796,1.1623638524155884,260,4.10603891
