,MAE,RMSE,NSE,alpha,beta,HFV,HFV10,LFV,FDC,r2,training_length_days,training_time_minutes
0,0.14215245041028582,0.190164545699735,0.5744925075625078,0.8684451182253305,1.0877831303627163,0.6237848716441308,8.210292797966948,3.994148873643275,-23.00007402710333,0.11001269580261663,839,33.768621931666466
