,MAE,RMSE,NSE,alpha,beta,HFV,HFV10,LFV,FDC,training_length_days,training_time_minutes
0,87.50686613085522,139.90363628474788,-0.14442171727046516,2.1732727668070422e-16,0.7272995765905795,0.21991574276956016,0.33908316789191684,1.2487260984583646,2.160352424034633,4650,367.30646442543366
