,MAE,RMSE,NSE,alpha,beta,HFV,HFV10,LFV,FDC,training_length_days,training_time_minutes
0,0.6423716735796359,1.1224626769341646,0.047191440475469304,1.1501633658033614,1.3406327320559392,1.050422061161566,1.4165560141847777,1.0882162981225694,1.0344682585213147,2266,250.7683092183327
