,MAE,RMSE,NSE,alpha,beta,HFV,HFV10,LFV,FDC,training_length_days,training_time_minutes
0,3567.1057771005253,3834.506762940465,-17.428117817762416,1.3271589136888073,5.016147386618127,2.418910048936843,2.6476915699340737,9.588497659997161,-92.03890579735038,4615,46.585895625266616
