,MAE,RMSE,NSE,alpha,beta,HFV,HFV10,LFV,FDC,training_length_days,training_time_minutes
0,0.06067828468540031,0.1291783035638008,0.44582233992368847,1.028342139484821,0.7769696357514161,1.0156664392593138,0.8677815818623535,0.6566318313043598,2.2300103651151018,1477,26.88743085666665
