,MAE,RMSE,NSE,alpha,beta,HFV,HFV10,LFV,FDC,training_length_days,training_time_minutes
0,0.25026538860493636,0.3127824493842868,0.35050947290183776,1.1221424370040995,1.4013304075449313,1.0120959249168282,1.2871214489262262,1.5787427554828217,-18.384125006331534,2221,468.2519130766668
