,MAE,RMSE,NSE,alpha,beta,HFV,HFV10,LFV,FDC,training_length_days,training_time_minutes
0,1.3020659844423068,1.9590349458343377,0.25811358603761136,0.8495207449170371,1.370784672791622,0.8990886325368993,1.169092217566967,2.011351301606713,4.257398052777634,2550,171.7674392027499
