,MAE,RMSE,NSE,alpha,beta,HFV,HFV10,LFV,FDC,training_length_days,training_time_minutes
0,0.7521774053116407,0.8814067098461065,-0.5089789286444117,0.700550050202205,1.5070842798436874,0.9008439048842658,1.0438755482326354,2.2618032439048443,4.075090210399533,2462,22.194439351666368
