,MAE,RMSE,NSE,alpha,beta,HFV,HFV10,LFV,FDC,training_length_days,training_time_minutes
0,179.19293747878834,209.9526454164027,-33.69789657228919,3.160120346915917,15.081251833277829,4.664777449409918,8.911164940103127,30.403686958084677,,5061,274.70668193168336
