,MAE,RMSE,NSE,alpha,beta,HFV,HFV10,LFV,FDC,r2,training_length_days,training_time_minutes
0,0.09088430254178578,0.12500231120784014,-0.576689573659249,0.7164364461867203,1.3234774287141686,-34.146836007231116,-3.3412227544930517,19.56925092852349,2.895942976456376,0.0023675263700858595,124,2.953603033333396
