,MAE,RMSE,NSE,alpha,beta,HFV,HFV10,LFV,FDC,training_length_days,training_time_minutes
0,0.2974266689003393,0.442381343656102,-0.6902329987880531,1.263772892076545,0.973143070950375,1.181482818936596,1.1916836989109223,0.7585954848775298,0.4456827789914703,3041,80.60897878285031
