,MAE,RMSE,NSE,alpha,beta,HFV,HFV10,LFV,FDC,training_length_days,training_time_minutes
0,140.62848926308976,226.67367572501033,-0.021332726862064888,1.0641882777514657,1.845071427415673,0.9948638083419873,1.3806959936557535,3.7921103383960206,-0.9098031689120126,2715,361.88234684500003
