,MAE,RMSE,NSE,alpha,beta,HFV,HFV10,LFV,FDC,r2,training_length_days,training_time_minutes
0,0.8022842063980509,1.1084935180285282,0.3371029009565838,0.8082126026633975,1.1691074796713656,-32.32887459611017,-17.17067599477618,2.9317261241354164,7.921173957658504,0.060065347992997675,382,7.719180760000017
