,MAE,RMSE,NSE,alpha,beta,HFV,HFV10,LFV,FDC,training_length_days,training_time_minutes
0,83.80715381304536,281.1905175109653,-0.09746193203586428,9.926943106008672e-18,0.0785673963657684,0.006696747086961539,0.02143288486698126,0.2953559814568426,0.45434519954573444,4177,71.50479244666667
