,MAE,RMSE,NSE,alpha,beta,HFV,HFV10,LFV,FDC,training_length_days,training_time_minutes
0,3.4800368173020275,3.942266923901996,-1.3476997429634978,3.4520371970171014e-16,1.7647756470736464,0.6841889536335204,0.8727173767823743,3.0027812018210507,8.909471717835537,3074,17.196311766666675
