,MAE,RMSE,NSE,alpha,beta,HFV,HFV10,LFV,FDC,training_length_days,training_time_minutes
0,0.32635666522896534,0.6147714861980186,0.3389051987701446,0.6965875975688731,0.659925803186611,0.5670143190406711,0.7961625357488086,0.3259283749354563,0.15292090822896542,660,5.469700486666685
