,MAE,RMSE,NSE,alpha,beta,HFV,HFV10,LFV,FDC,training_length_days,training_time_minutes
0,7.190716300667314,14.76359456437268,0.3969543791409289,1.4333942489824352,1.0673611311762201,1.4752543768204882,1.26131625694997,-1.04777692976077,-330.46347166659325,2406,26.647091291666644
