,MAE,RMSE,NSE,alpha,beta,HFV,HFV10,LFV,FDC,training_length_days,training_time_minutes
0,0.6482587008006652,0.9577741254694112,-0.5411793721789835,1.161890814413985,2.2402902759679373,1.4790707660867404,1.7487791398833454,3.3485653640614728,,2768,221.8855503133333
