,MAE,RMSE,NSE,alpha,beta,HFV,HFV10,LFV,FDC,training_length_days,training_time_minutes
0,3768.437308632132,4600.638190250408,-5.90628368363691,1.9133209044597106,-1.3819325727960867,0.5977706965218077,0.929561486915605,-9.270330934896105,-25.69376499317657,4051,608.8189822433332
