,MAE,RMSE,NSE,alpha,beta,HFV,HFV10,LFV,FDC,training_length_days,training_time_minutes
0,0.7182529554873572,1.0543097510059183,0.5809848891579338,1.0521776629365132,1.0997684742136724,0.9576903100442096,1.1443531444320345,0.9759996690506193,1.4083795839390598,4128,231.5948723002337
