,MAE,RMSE,NSE,alpha,beta,HFV,HFV10,LFV,FDC,training_length_days,training_time_minutes
0,1.0122646064593763,1.2781359360689173,-7.829201993370859,2.2919059512210347,2.157819988892028,2.2721377572390775,2.1662463004610806,2.157819988892028,,2252,215.43350797833332
