,MAE,RMSE,NSE,alpha,beta,HFV,HFV10,LFV,FDC,training_length_days,training_time_minutes
0,33.17874173740024,62.8493335506095,0.16781637197072696,0.8218953809614704,1.8287639496698411,0.818789499663924,1.3575125604117975,3.8585232889655376,2.067648255857469,3874,806.9295730216661
