,MAE,RMSE,NSE,alpha,beta,HFV,HFV10,LFV,FDC,training_length_days,training_time_minutes
0,129.454431589579,147.1381742918576,-0.13939431035714,0.006217184834241885,1.4218774573124664,0.3108659347944417,0.47046126855058656,3.83985257802414,5.827184282243065,4058,15.232825578499858
