,MAE,RMSE,NSE,alpha,beta,HFV,HFV10,LFV,FDC,training_length_days,training_time_minutes
0,4055.2843214515474,4408.738494203747,-63.545711098135726,3.29237021984399,20.32589949654896,3.9616736550625693,9.409297513288672,56.95714291170793,69.28774627628728,4101,58.58110498684999
