,MAE,RMSE,NSE,alpha,beta,HFV,HFV10,LFV,FDC,training_length_days,training_time_minutes
0,0.5896722885292235,0.7463268141326989,-0.05597558138906855,0.7084031811630848,1.5458510676894033,1.0774589419299931,1.1325558573407113,2.5087240083125715,9.262868704741162,4173,539.6338298938831
