,MAE,RMSE,NSE,alpha,beta,HFV,HFV10,LFV,FDC,training_length_days,training_time_minutes
0,674.9907017211048,921.5563451822262,-14.97181997286612,2.6392547674285534,-12.265240254825418,0.2979039360713335,0.19515237753805104,-83.93240479519673,-268.51080538865557,4072,185.47301494499987
