,MAE,RMSE,NSE,alpha,beta,HFV,HFV10,LFV,FDC,training_length_days,training_time_minutes
0,0.27345554329137545,0.6024470405533764,0.38439151703571517,0.5065402028586135,1.0797799886475066,0.5046269815194371,0.7985936049795959,1.4859603276388431,1.4848413303099055,2244,70.61067845166642
