,MAE,RMSE,NSE,alpha,beta,HFV,HFV10,LFV,FDC,training_length_days,training_time_minutes
0,8520.064109938026,32336.658450548774,-1877926551.2578828,41804.10081873831,10636.483614816332,52089.205637440835,21271.8922978537,3.982085849843088,9.103076803991174,3530,295.95571439528334
