,MAE,RMSE,NSE,alpha,beta,HFV,HFV10,LFV,FDC,training_length_days,training_time_minutes
0,21.84954503086768,53.062301775747414,-0.3079464651628352,1.203367507160638,0.770367335713919,1.3062203167940212,1.1018789621769787,0.16878177425528845,0.00478878903959332,4119,95.20812890848319
