,MAE,RMSE,NSE,alpha,beta,HFV,HFV10,LFV,FDC,training_length_days,training_time_minutes
0,0.8106277653217022,1.5945920699085265,0.4121744522587907,0.7254370109301425,0.8969633569519577,0.7326918737481743,0.9521792003269016,0.6339735695964137,0.24053782109357594,4105,359.1080003264004
