,MAE,RMSE,NSE,alpha,beta,HFV,HFV10,LFV,FDC,training_length_days,training_time_minutes
0,1.274149481808987,8.202739719520343,-119.83873936619823,11.018826690860939,2.337420262202348,6.935612844900693,2.9952343284819447,2.09469368411173,4.146126126573583,3530,305.8117406725001
