,MAE,RMSE,NSE,alpha,beta,HFV,HFV10,LFV,FDC,training_length_days,training_time_minutes
0,339.99593889950626,872.5080134363318,-3.257285886118443,2.542621244684474,1.2394013456893433,2.080677530007168,1.7414726439876134,0.5574206711722153,0.16925313614240164,4444,256.3413234483499
