,MAE,RMSE,NSE,alpha,beta,HFV,HFV10,LFV,FDC,training_length_days,training_time_minutes
0,661.0951749903645,931.2127735078165,0.5435189978238244,0.6302320536060552,1.2436682622054445,0.6216447311420183,0.8046253341916466,3.3052925514821063,3.035545695380338,3555,140.18842425119996
