,MAE,RMSE,NSE,alpha,beta,HFV,HFV10,LFV,FDC,training_length_days,training_time_minutes
0,1217.9105438759211,2273.198358210032,-0.00902987113171072,5.023713505934083e-17,0.807005011518046,0.09999876353607903,0.23231883984706211,4.740841032575628,47.63226035344989,4317,76.45804446414986
