,MAE,RMSE,NSE,alpha,beta,HFV,HFV10,LFV,FDC,training_length_days,training_time_minutes
0,111.43387655376144,178.85007987816428,-0.463544163195976,0.2742763665697954,0.19875340874117858,0.28533186767098084,0.31022408448900207,0.07775021183863363,0.040580263617435865,3015,97.78568893105003
