,MAE,RMSE,NSE,alpha,beta,HFV,HFV10,LFV,FDC,r2,training_length_days,training_time_minutes
0,0.961157566729193,1.1210874121498795,-14.148325136907879,1.6409896563317268,-2.309395795367596,-94.30487452649047,-103.03736372573397,-132.4367330643047,,0.0722569622829704,474,21.670165586666553
