,MAE,RMSE,NSE,alpha,beta,HFV,HFV10,LFV,FDC,training_length_days,training_time_minutes
0,3.457282976308308,3.73604090364063,-5.225459940205603,0.49840685963599696,4.043510202117315,1.0504339984908173,1.496516508696787,20.781557879344838,27.674413907184274,2119,119.85712127136648
