,MAE,RMSE,NSE,alpha,beta,HFV,HFV10,LFV,FDC,training_length_days,training_time_minutes
0,1.226894480840747,1.6760457455700364,-0.37083696092975726,1.195291628013012,0.6884057620277676,1.1149328621782808,0.9170991284274362,0.39072038440499957,0.041566312046767105,2199,69.33293378666664
