,MAE,RMSE,NSE,alpha,beta,HFV,HFV10,LFV,FDC,r2,training_length_days,training_time_minutes
0,0.8784092602108565,1.1371306098655993,-1.2709190713116274,0.5448856481680323,-0.045974142853650354,-73.7413132165154,-73.5264953206757,-75.10335128483973,,0.00357308448409821,341,17.43492459166688
