,MAE,RMSE,NSE,alpha,beta,HFV,HFV10,LFV,FDC,training_length_days,training_time_minutes
0,0.48859810777638596,0.6291427735560947,-0.034384214999432006,0.8854099003821236,1.0311229055758393,0.9187297638334988,0.9327159114274403,1.0746176996545302,0.8892954466907697,4294,81.93527838254995
