,MAE,RMSE,NSE,alpha,beta,HFV,HFV10,LFV,FDC,training_length_days,training_time_minutes
0,0.44524512448997855,0.5535349835231907,0.08661684992606478,1.2524432839752122,0.7262309036545354,0.8452070734244431,1.217779171134456,-0.09199269686165785,-0.07033017726289047,292,3.541156941666668
