,MAE,RMSE,NSE,alpha,beta,HFV,HFV10,LFV,FDC,training_length_days,training_time_minutes
0,2.400333023443115,3.0473453467151725,-1.9274306215753993,0.23092609009218423,0.11426827312307958,0.18522612857142198,0.1968781941614882,0.0318520844532099,0.013779652629090077,4053,63.63723261803292
