,MAE,RMSE,NSE,alpha,beta,HFV,HFV10,LFV,FDC,r2,training_length_days,training_time_minutes
0,0.6771789200888693,0.8918765139780978,-0.04025467824505813,0.6354310869182801,0.79020004702454,-52.56486932500869,-34.891667011831125,-23.542883470880003,-4.224030749998297,0.09951151378031065,365,25.079260930000114
