,MAE,RMSE,NSE,alpha,beta,HFV,HFV10,LFV,FDC,training_length_days,training_time_minutes
0,148.34208594509525,335.63714154966425,-0.04764703729920816,0.6834961121046312,2.733059990421551,0.9190579806510965,1.931747543456627,20.2395311668325,139.46379476541875,3392,141.99701547570004
