,MAE,RMSE,NSE,alpha,beta,HFV,HFV10,LFV,FDC,training_length_days,training_time_minutes
0,9.644559608342181,9.825221022678054,-357.07108431155024,3.5315281634274536,24.53595407475552,4.7168848752266355,10.718242846028332,43.391213692056944,54.32548080066257,4072,149.87740143666645
