,MAE,RMSE,NSE,alpha,beta,HFV,HFV10,LFV,FDC,training_length_days,training_time_minutes
0,0.5374038077580474,0.729317310334782,0.26269812995699626,0.9704010870682238,1.2934457263373689,1.03850750745442,1.1379688750944605,1.6164684027885514,-0.10918733487925275,2715,198.5885270883334
