,MAE,RMSE,NSE,alpha,beta,HFV,HFV10,LFV,FDC,r2,training_length_days,training_time_minutes
0,0.4334595104944403,0.5311168006394472,0.24382734515930926,1.2589764851918854,1.0439014921143226,30.374785130120134,33.58549069223075,15.109165863316097,-6.68180528889801,0.0021690389257306153,567,3.2090086783335816
