,MAE,RMSE,NSE,alpha,beta,HFV,HFV10,LFV,FDC,training_length_days,training_time_minutes
0,0.34426757186583307,0.7257135299754003,0.2574538862225655,0.8844704741731513,0.968462323770255,0.8917895529799512,1.1170301197697456,0.5415177854092261,0.15097358861424148,3392,124.82390936955004
