,MAE,RMSE,NSE,alpha,beta,HFV,HFV10,LFV,FDC,training_length_days,training_time_minutes
0,0.950176070090213,1.388380488235466,-0.5249015810198492,1.3177768598527013,1.9759860394664663,1.0816687561570155,1.5563137775702756,2.870001845796697,-17.121084512064243,2406,8.449481173333334
