,MAE,RMSE,NSE,alpha,beta,HFV,HFV10,LFV,FDC,training_length_days,training_time_minutes
0,0.43448890596274586,0.7455871600242926,0.057104233768503376,0.7522235727539748,1.3815764862643707,0.7337211578941297,1.1147796996059798,1.6919462251774502,1.6908741161369136,2244,133.97049551500047
