,MAE,RMSE,NSE,alpha,beta,HFV,HFV10,LFV,FDC,training_length_days,training_time_minutes
0,1.3579659457689812,2.002813274957257,0.22458539925342358,0.8515328196556087,1.464791193045729,0.9046965034884596,1.2033537489152162,2.27357129792583,5.163870593025012,2550,199.0640161237335
