,MAE,RMSE,NSE,alpha,beta,HFV,HFV10,LFV,FDC,training_length_days,training_time_minutes
0,0.22855977146953607,0.2567284244634471,0.17414149530015577,0.29700097644584367,1.0199010406687417,0.7968172071635337,0.7732031018930262,1.0199010406687417,,3309,229.03540528999875
