,MAE,RMSE,NSE,alpha,beta,HFV,HFV10,LFV,FDC,training_length_days,training_time_minutes
0,4.198825959296564,5.147793276364838,-0.24838285943673655,1.256574693894402,1.18108633468349,0.9890525479583594,1.0383343706673012,1.2507057838044275,0.03557813005815266,2683,113.02019127999957
