,MAE,RMSE,NSE,alpha,beta,HFV,HFV10,LFV,FDC,training_length_days,training_time_minutes
0,327.9682410188675,518.1687188795702,-0.6523115740831962,0.04516975513189763,0.027299328618212403,0.043538155097020075,0.04356178972834115,0.0052672745354846754,0.0030013740832054887,3056,143.55435085146664
