,MAE,RMSE,NSE,alpha,beta,HFV,HFV10,LFV,FDC,training_length_days,training_time_minutes
0,0.25812723965637435,0.3719748806035616,-23.199569736837475,3.5602335617347607,9.342979663216692,8.26964952747274,14.590466111266043,4.435918417011758,1.1693374875840565,3984,90.07139049450004
