,MAE,RMSE,NSE,alpha,beta,HFV,HFV10,LFV,FDC,training_length_days,training_time_minutes
0,822.5960599972259,936.5067349678292,-5.680871962440158,1.2909976262154437,3.1505537140755235,1.3457719849956842,2.082871679677643,4.705144525233575,12.64912975523571,3672,52.51302191351618
