,MAE,RMSE,NSE,alpha,beta,HFV,HFV10,LFV,FDC,training_length_days,training_time_minutes
0,0.45094393316150705,0.7143464707628182,0.32215189146839707,0.752221432889861,0.9136817566714542,0.6481857121740822,0.8853734811187723,0.8325313551557167,0.5012935499750538,4054,95.79438556901684
