,MAE,RMSE,NSE,alpha,beta,HFV,HFV10,LFV,FDC,training_length_days,training_time_minutes
0,0.7324857349138829,0.8206025742681944,-3.552351800950035,0.6598885869082297,2.8813687451647496,1.0808150588240002,1.4472214680947417,7.781796866934677,24.215305625827664,2536,214.00100290499978
