,MAE,RMSE,NSE,alpha,beta,HFV,HFV10,LFV,FDC,r2,training_length_days,training_time_minutes
0,0.46576179117658634,0.742064643518174,0.4980935292974116,0.7926607816090055,0.9557822681164235,-27.750315499616526,-18.441550883349574,-5.67963861203547,39.48905161202367,0.12419465110869721,222,9.927493351666635
