,MAE,RMSE,NSE,alpha,beta,HFV,HFV10,LFV,FDC,r2,training_length_days,training_time_minutes
0,0.9233100214484166,1.101911742811081,-4.583084272032797,1.7516647609018163,2.729169257157028,21.42106453608221,88.93363325631344,145.58764632271559,-9.967127713572765,0.12262608766004968,668,293.00687598333315
