,MAE,RMSE,NSE,alpha,beta,HFV,HFV10,LFV,FDC,training_length_days,training_time_minutes
0,27.70183680962098,62.299860784077815,0.38003387706098113,1.050630885774916,1.982524477866698,1.3143391504477537,2.0788633733888338,-0.2171475260257315,-26.633355629751506,1213,80.89272622499993
