,MAE,RMSE,NSE,alpha,beta,HFV,HFV10,LFV,FDC,r2,training_length_days,training_time_minutes
0,0.1597570854740895,0.2355883974702821,0.18022409742313628,0.9499510943085161,1.0083325115690056,-5.060661201649995,-2.571814035937143,-0.48541878154531026,-5.64768770402782,0.2025913046942045,342,3.168795486666689
