,MAE,RMSE,NSE,alpha,beta,HFV,HFV10,LFV,FDC,training_length_days,training_time_minutes
0,1.595659110535406,9.624138791284828,-0.018367385615708498,2.328255240278791e-17,0.4814427483812024,0.052748744467204935,0.1657134840730719,1.141429037294416,2.0166414636144903,4683,140.44756522333336
