,MAE,RMSE,NSE,alpha,beta,HFV,HFV10,LFV,FDC,training_length_days,training_time_minutes
0,0.1089853907908771,0.13429431540742265,0.09071940288709857,0.4649156758878065,1.0455268676390719,0.8283024097928053,0.8653733045263844,1.2487553871779262,1.658533592153067,2764,54.85653728656665
