,MAE,RMSE,NSE,alpha,beta,HFV,HFV10,LFV,FDC,r2,training_length_days,training_time_minutes
0,0.231090659879717,0.3217094410002371,0.04733684054448639,0.7271062204263168,1.0459218500728338,-35.39380074311203,-7.948866331415667,2.8231132621750112,27.318004213056135,0.003411562820152203,201,7.306658799999908
