,MAE,RMSE,NSE,alpha,beta,HFV,HFV10,LFV,FDC,training_length_days,training_time_minutes
0,1.1634616131292146,1.6039984909339355,-4.8133248331822,2.0163610175694755,2.8529777426019307,1.9357138324522476,2.6736097508149816,3.1156904774800593,-1.9472331173310686,2104,15.195287231216662
