,MAE,RMSE,NSE,alpha,beta,HFV,HFV10,LFV,FDC,training_length_days,training_time_minutes
0,107.1441242464127,280.04723675686444,-15.520477396673776,4.060654201159722,2.714639175180331,4.177533651313443,2.9351661831066256,3.352676277048231,14.875252439310955,3530,426.7172180993333
