,MAE,RMSE,NSE,alpha,beta,HFV,HFV10,LFV,FDC,training_length_days,training_time_minutes
0,49.84927149843176,89.81951511716638,0.34639052222810174,1.1491647496085513,1.3552465896604877,1.1978477165812604,1.5067305790225025,0.6907075645696056,0.3011170909131921,2203,144.20673355999995
