,MAE,RMSE,NSE,alpha,beta,HFV,HFV10,LFV,FDC,training_length_days,training_time_minutes
0,6.704921846039787,8.123754689079776,-2.1089891167813413,0.0,0.1592657339671537,0.0706818108483108,0.08491660090001056,0.25449612211721895,0.633882254156208,2683,72.18293158000064
