,MAE,RMSE,NSE,alpha,beta,HFV,HFV10,LFV,FDC,training_length_days,training_time_minutes
0,199.17093793545556,270.2508477603081,-0.09387363325970233,0.8844897855971877,-0.8336519102018313,0.5944521953701427,0.9225998601609635,-30.9615382018409,-310.21104563600835,2266,84.2725392133337
