,MAE,RMSE,NSE,alpha,beta,HFV,HFV10,LFV,FDC,training_length_days,training_time_minutes
0,0.8421401190120336,1.14765605497667,0.13188552046382063,0.49193735257794935,1.386172799516885,0.5545319786031435,0.8501868181040864,2.380205566197779,4.7519281863458165,4101,54.993067431300005
