,MAE,RMSE,NSE,alpha,beta,HFV,HFV10,LFV,FDC,training_length_days,training_time_minutes
0,0.2288660215785892,0.2578672495543762,0.16679837078547155,0.3083033189253725,1.033329182312944,0.8009728269444527,0.786363707612221,1.0333291823129438,,3309,201.1785459283332
