,MAE,RMSE,NSE,alpha,beta,HFV,HFV10,LFV,FDC,training_length_days,training_time_minutes
0,0.664776937511811,0.983670913706436,-0.20175994844587852,0.2586301903567047,0.9964403808807456,0.9739510317817017,0.9850186792596299,1.0004015339329995,1.0028078634267017,4097,92.88544754666704
