,MAE,RMSE,NSE,alpha,beta,HFV,HFV10,LFV,FDC,training_length_days,training_time_minutes
0,0.20420217612621935,0.2691239628362567,-0.8393085063754595,1.1361401359353955,0.7086661063954988,1.0158343752988257,1.0327322178545544,0.49130888092609587,0.41158910131632465,3357,116.83577646671668
