,MAE,RMSE,NSE,alpha,beta,HFV,HFV10,LFV,FDC,training_length_days,training_time_minutes
0,0.5942081210517332,0.861244432136777,-2.0191234815770995,1.7912513809073853,1.2152319642816765,1.4823726484297353,1.4691300279010622,1.1243901604578128,,5061,315.4664611032669
