,MAE,RMSE,NSE,alpha,beta,HFV,HFV10,LFV,FDC,training_length_days,training_time_minutes
0,5901.204226276414,9229.546218640506,-0.6871107484816967,0.0,0.043053798402964194,0.008340407592846048,0.015945037429898147,0.10366985441192568,0.5690809831693879,2284,12.104921684999136
