,MAE,RMSE,NSE,alpha,beta,HFV,HFV10,LFV,FDC,training_length_days,training_time_minutes
0,28.048100455083773,49.29785063632655,0.003884443204371757,1.03878857832154,2.3164699506285666,1.0491046970912388,1.9969093705617578,2.344602562955641,0.1597491338509416,3052,93.94615639363334
