,MAE,RMSE,NSE,alpha,beta,HFV,HFV10,LFV,FDC,r2,training_length_days,training_time_minutes
0,0.17220723335973373,0.21357256584718282,0.463290797627515,1.0388784532094075,1.0305953096134806,14.073083818037592,16.490132066315848,7.189271498814659,-9.45842281417896,0.11178006198840151,839,30.95004425499986
