,MAE,RMSE,NSE,alpha,beta,HFV,HFV10,LFV,FDC,training_length_days,training_time_minutes
0,5.164723562913233,11.502551370989783,-5259.209553607529,65.88674632742729,-7.6637383406402275,1.4341540699600033,1.8615405958633235,-15.230789158086433,-47.48469044122805,657,6.453542245000002
