,MAE,RMSE,NSE,alpha,beta,HFV,HFV10,LFV,FDC,training_length_days,training_time_minutes
0,152.4397577172952,495.6649415470246,-0.061451942957488015,2.9538073400027687e-17,0.2955022846203435,0.03201628557054716,0.08016588420127123,1.978277951176609,17.981726832328288,5108,181.51816242643352
