,MAE,RMSE,NSE,alpha,beta,HFV,HFV10,LFV,FDC,r2,training_length_days,training_time_minutes
0,0.9351916360869262,1.11695383221621,-0.25378916851659783,0.9965762255237443,1.2319769202704345,-10.040405636999823,-3.8014309669459756,12.927891754286092,11.52641163843065,0.14492172107442547,416,3.8592055616667493
