,MAE,RMSE,NSE,alpha,beta,HFV,HFV10,LFV,FDC,training_length_days,training_time_minutes
0,1.8959545805619453,2.0724225549806414,-0.9189766813857618,0.5765938411952997,1.6476992686206962,0.8927229335059235,1.182616401982331,2.173154121059474,5.235453713190635,4099,99.5548492477666
