,MAE,RMSE,NSE,alpha,beta,HFV,HFV10,LFV,FDC,training_length_days,training_time_minutes
0,1.0886284368096064,1.3400958813690775,-4.078929776030825,1.9930037109912901,-0.5175880104196747,0.878388235408578,0.9429003896979511,-4.0101589930246115,-102.5349134938222,699,9.396206531666667
