,MAE,RMSE,NSE,alpha,beta,HFV,HFV10,LFV,FDC,training_length_days,training_time_minutes
0,15.528791408397987,55.21150750037584,0.513085153171126,0.8251697807669777,0.8919971915174522,0.9580710143349496,1.1304017318931612,-0.6460923278950252,-13.659386279323416,1213,38.415956229999814
