,MAE,RMSE,NSE,alpha,beta,HFV,HFV10,LFV,FDC,training_length_days,training_time_minutes
0,271.30379905817404,542.3408600650829,-0.36476699066417395,0.912053287196789,1.487323875510936,0.9989595397503805,1.239301530861879,2.2112554529828454,1.5345794264267865,4017,156.91430842851648
