,MAE,RMSE,NSE,alpha,beta,HFV,HFV10,LFV,FDC,r2,training_length_days,training_time_minutes
0,1.5925382638663732,1.8798639260713288,-322.90950938138354,9.370371638997039,-8.552722837487048,-87.31550135377091,-123.12407594512132,-279.9173616461679,,0.042013415246950125,460,70.60766471333334
