,MAE,RMSE,NSE,alpha,beta,HFV,HFV10,LFV,FDC,training_length_days,training_time_minutes
0,0.4004004529159812,0.7092212381332937,0.14684034519081857,0.723963567203358,1.2756946120341537,0.6938778040440433,1.0590294255433303,1.4903704480551012,1.5655456499826,2244,106.68242122666658
