,MAE,RMSE,NSE,alpha,beta,HFV,HFV10,LFV,FDC,training_length_days,training_time_minutes
0,35.75065480859096,64.61026086168805,0.12053045936995366,0.8359486673024367,1.9441613408221274,0.8299724592753,1.401942655569233,4.428507070456697,2.6913524291710584,3874,81.10561493666658
