,MAE,RMSE,NSE,alpha,beta,HFV,HFV10,LFV,FDC,training_length_days,training_time_minutes
0,2.691522545662101,3.2203630999145263,-0.825219487772815,3.72608642228728e-16,1.7403908408596689,0.6255431586154829,0.7956730393459539,4.0081893209157355,22.68704234320281,449,0.48200705833333285
