,MAE,RMSE,NSE,alpha,beta,HFV,HFV10,LFV,FDC,training_length_days,training_time_minutes
0,72.5505943205994,102.51975076487552,-7.88941953509984,2.466267673470621,2.937871050275927,2.8498122664284047,2.706987106639216,3.156994460078357,,2917,17.759019660000074
