,MAE,RMSE,NSE,alpha,beta,HFV,HFV10,LFV,FDC,training_length_days,training_time_minutes
0,130.41617159830915,147.6137294434902,-0.14677132813398686,4.123745465938854e-16,1.437919714320349,0.3110684553060135,0.4719994608801134,3.89699215580721,5.927147309370456,4058,8.036954583982395
