,MAE,RMSE,NSE,alpha,beta,HFV,HFV10,LFV,FDC,training_length_days,training_time_minutes
0,452.3325853965749,518.7220899862788,-162.43235550075784,6.370188978570092,65.46268666936277,6.554694634406939,23.2188623759442,658.3665413533278,5268.180233437311,2166,57.25245676874959
