,MAE,RMSE,NSE,alpha,beta,HFV,HFV10,LFV,FDC,training_length_days,training_time_minutes
0,0.5294610453621735,0.7096700366341957,-0.15808077754402539,0.8910113446124722,1.2300527631819467,0.9133412300745147,1.0694984079507432,1.4552531037116654,3.1869334004216543,4342,437.19716642420025
