,MAE,RMSE,NSE,alpha,beta,HFV,HFV10,LFV,FDC,training_length_days,training_time_minutes
0,0.9076650302687745,2.1033293653865734,-28.369911585829925,5.468469569942709,3.127402256820599,5.594017186079371,4.583029357900384,1.6838808511435523,-18.88104875425241,2221,532.5699294466666
