,MAE,RMSE,NSE,alpha,beta,HFV,HFV10,LFV,FDC,training_length_days,training_time_minutes
0,0.27177707747933433,0.32051937373587386,-41.62235008986193,3.9379930691521294,4.257230821733266,4.493051013290769,5.300691948386978,3.654344266732106,1.6046728932107701,4620,49.11544459188299
