,MAE,RMSE,NSE,alpha,beta,HFV,HFV10,LFV,FDC,training_length_days,training_time_minutes
0,4.938810056592844,6.007138647148036,-0.09451692532091105,0.3614764777976696,0.7167000809433344,0.6611266317830473,0.5671597357242624,1.2135333535747683,3.9054503309922675,3797,54.496891707933294
