,MAE,RMSE,NSE,alpha,beta,HFV,HFV10,LFV,FDC,training_length_days,training_time_minutes
0,2.0357358818573186,2.74359570291356,0.2763024131849936,0.7869066877341011,1.0411785540259166,0.7077851003790782,0.8750403451824595,0.9907013605510987,0.5951462498552257,3055,73.78968650535002
