,MAE,RMSE,NSE,alpha,beta,HFV,HFV10,LFV,FDC,r2,training_length_days,training_time_minutes
0,0.3040559147836561,0.4191322284151635,-0.15033980407695147,0.8907952081873092,1.0148789450935105,-14.491568122592074,-12.815021985058891,-3.7064951188476245,24.756918000172863,0.23626434894694648,291,1.9089680900001744
