,MAE,RMSE,NSE,alpha,beta,HFV,HFV10,LFV,FDC,training_length_days,training_time_minutes
0,0.485779092827314,0.5781770248472909,-137.69170302571115,6.780937385103312,7.040746689196866,7.447723075412839,8.91100818224116,5.957566703104494,2.13334144249789,4620,74.70097660994992
