,MAE,RMSE,NSE,alpha,beta,HFV,HFV10,LFV,FDC,training_length_days,training_time_minutes
0,0.5200449703554654,0.7736862011380577,0.5942111167036513,0.9717885475699837,0.7487409283495027,0.9131003464725612,0.9489491240490295,0.3335135271341198,0.11817191017708667,2242,205.74444129999998
