,MAE,RMSE,NSE,alpha,beta,HFV,HFV10,LFV,FDC,training_length_days,training_time_minutes
0,0.9270686094993109,2.221172781473484,-4.2321460937299875,2.3510815790236146,1.4624164419678476,2.4151555324090177,1.7943064213515747,1.1560108366184518,0.8757918667042407,4444,215.73989076971677
