,MAE,RMSE,NSE,alpha,beta,HFV,HFV10,LFV,FDC,r2,training_length_days,training_time_minutes
0,0.2652892794956845,0.39184157263708297,0.4382014079205311,0.875955965118933,1.6300987601622146,-31.114629062324916,12.966430883487249,53.19652101379507,25.16303140845398,0.36468412388925187,82,0.6626156850000068
