,MAE,RMSE,NSE,alpha,beta,HFV,HFV10,LFV,FDC,training_length_days,training_time_minutes
0,0.39090950970116506,0.483413221377941,-0.34848864898456,0.9402765129077282,0.7965711776255966,0.7188062673541188,0.8336120229828861,0.7421587142934878,0.5473436627940497,2900,26.715633678333447
