,MAE,RMSE,NSE,alpha,beta,HFV,HFV10,LFV,FDC,training_length_days,training_time_minutes
0,0.483594158099042,0.7490191618556761,0.36363754177589513,0.6266032948252835,0.8427235840434202,0.625484785030268,0.7380698884729211,1.1981807790531904,3.1200158995163347,3530,552.1600890550005
