,MAE,RMSE,NSE,alpha,beta,HFV,HFV10,LFV,FDC,training_length_days,training_time_minutes
0,0.09404730268144727,0.16630772979656358,0.08146706869907305,0.37969220799512515,0.28903295731178863,0.3808434672774834,0.389372628154258,0.08732098293398438,-0.04424280092756518,1477,12.823545014999999
