,MAE,RMSE,NSE,alpha,beta,HFV,HFV10,LFV,FDC,r2,training_length_days,training_time_minutes
0,0.4445575480371308,0.5891299108687638,0.02950374329357941,0.6522918916097046,1.1492363391947633,-8.212104122583103,-3.672434966126207,-0.4274719748299364,-96.35762698861308,0.001476142571584682,462,6.155252705000021
