,MAE,RMSE,NSE,alpha,beta,HFV,HFV10,LFV,FDC,r2,training_length_days,training_time_minutes
0,0.43595334181917084,0.6023824078760708,-0.794348953293875,0.6706742237156723,1.0648248036688635,-51.62731447746881,-22.247580347155537,-9.364007382067143,-14.06361262252647,0.001429695256609409,453,5.159826599999999
