,MAE,RMSE,NSE,alpha,beta,HFV,HFV10,LFV,FDC,training_length_days,training_time_minutes
0,15.199320410578867,96.45199439371409,-0.025146393914897924,0.001829001843455124,0.0014200052030063565,0.0016059701807466407,0.0015692770082235809,6.820971248930288e-05,-3.846514774085458e-07,3662,27.418159576584003
