,MAE,RMSE,NSE,alpha,beta,HFV,HFV10,LFV,FDC,training_length_days,training_time_minutes
0,495.58103981449807,983.8541235127599,0.49254365242554177,0.8108943304995088,1.3761546714939434,0.7646594109658237,1.2012659128764742,1.5974020327923508,1.6629682252607128,4128,165.68496728869988
