,MAE,RMSE,NSE,alpha,beta,HFV,HFV10,LFV,FDC,training_length_days,training_time_minutes
0,0.4488286050795239,0.9265211837050021,0.2171349595956945,1.1403478101228568,1.3338116978919807,1.2686971631027264,1.5878455078967977,0.7460104393727263,0.14262933893816201,680,2.64161253000002
