,MAE,RMSE,NSE,alpha,beta,HFV,HFV10,LFV,FDC,training_length_days,training_time_minutes
0,0.8996411531866455,1.3799813273397725,-0.04343102345388439,0.6373654214052861,0.5202566823389839,0.5510849833503455,0.6651685772887378,0.3837032838485386,0.053162813732383095,3683,154.8862405542
