,MAE,RMSE,NSE,alpha,beta,HFV,HFV10,LFV,FDC,training_length_days,training_time_minutes
0,4.057657651913232,4.291630476177097,-7.214721406907813,0.7547185330506327,4.587308890227322,1.31764592755223,1.8193847284451485,22.746827331640795,27.913454348171616,2119,107.74257286643358
