,MAE,RMSE,NSE,alpha,beta,HFV,HFV10,LFV,FDC,training_length_days,training_time_minutes
0,0.04961837465767934,0.09574447202190015,0.5536595385911627,1.1465235210651539,0.9637102969443068,1.103507277541754,1.0829306714832203,0.8737990775331452,0.9095150346413399,4683,781.6814167249996
