,MAE,RMSE,NSE,alpha,beta,HFV,HFV10,LFV,FDC,training_length_days,training_time_minutes
0,0.4843576050091083,0.7023246068039154,0.3162646067310646,0.9145723668700595,1.3539519426101305,0.9801676519086213,1.1324894626425763,1.8003888163840314,-0.3686659658712283,2715,112.80506051833339
