,MAE,RMSE,NSE,alpha,beta,HFV,HFV10,LFV,FDC,training_length_days,training_time_minutes
0,0.5461887494405439,0.9524794274227354,-0.01911356562242217,0.036210773140474065,1.0015818089329067,0.9694565743335103,0.9911579612601943,1.0054282547560123,1.0103917277897334,4158,62.45360828246727
