,MAE,RMSE,NSE,alpha,beta,HFV,HFV10,LFV,FDC,training_length_days,training_time_minutes
0,1291.393539709501,1343.4578593700426,-50.18312613129774,2.0131760450508045,10.790693319720988,2.4629977951259283,4.346184487049369,31.10171591163077,51.01267698842386,4016,146.4157414791669
