,MAE,RMSE,NSE,alpha,beta,HFV,HFV10,LFV,FDC,training_length_days,training_time_minutes
0,966.2323731223739,1999.3850102681222,-181.90282726248503,12.729307099557632,7.450511284411426,12.579019324749837,13.55896994288936,1.4606379094938926,0.11983998725188796,3015,178.73332679825003
