,MAE,RMSE,NSE,alpha,beta,HFV,HFV10,LFV,FDC,r2,training_length_days,training_time_minutes
0,0.13690349226075912,0.18897229482826372,0.34884977129589756,0.9809159477761403,1.0408395415796696,-5.174317190907117,0.7119310042766737,3.8824136570676004,-5.858532490684835,0.3108009464224514,853,7.827898810000139
