,MAE,RMSE,NSE,alpha,beta,HFV,HFV10,LFV,FDC,r2,training_length_days,training_time_minutes
0,0.1471057293239689,0.1874703399562376,-0.4426651002268953,1.0125671211772975,1.209205055392535,0.21938374365852462,9.728132545333,12.887778929548578,-10.360193965139729,0.06168000997630241,460,4.642124408333317
