,MAE,RMSE,NSE,alpha,beta,HFV,HFV10,LFV,FDC,training_length_days,training_time_minutes
0,2.8449826421543087,10.63834717449448,-0.2443113009750113,1.1684711341040839,1.4021661394811349,1.7025430224502265,1.9159221227499592,0.30884852638279187,-1.29418041901504,4683,156.92290635500007
