,MAE,RMSE,NSE,alpha,beta,HFV,HFV10,LFV,FDC,training_length_days,training_time_minutes
0,0.3263575793569025,0.6147699269980257,0.33890855213875515,0.6965940497679115,0.6599246826995434,0.5670200894934468,0.7961670147831794,0.3259207618186225,0.1529122329425246,660,3.8647472266666227
