,MAE,RMSE,NSE,alpha,beta,HFV,HFV10,LFV,FDC,r2,training_length_days,training_time_minutes
0,0.15419386390810028,0.19666049090123713,0.5449256588501836,1.0003435397499665,1.0341266450228475,9.549151878138598,12.475125699439685,6.053213247217299,-11.3119068915118,0.11241490909623408,839,38.18283900666672
