,MAE,RMSE,NSE,alpha,beta,HFV,HFV10,LFV,FDC,r2,training_length_days,training_time_minutes
0,0.18040928971059625,0.27951651627204105,0.37583009705359716,0.9531015527238395,0.9654722211184523,-29.26607970700953,-7.015332282190325,6.747465125256876,54.181664322421376,0.07080063576025286,196,1.4552473016665317
