,MAE,RMSE,NSE,alpha,beta,HFV,HFV10,LFV,FDC,training_length_days,training_time_minutes
0,0.3314681208076887,0.4067606653183252,0.5153493314568893,1.0573599407527645,1.264461257444567,1.113903470977837,1.2001504589747962,1.489985413212882,2.691201898857073,4022,345.6002776854167
