,MAE,RMSE,NSE,alpha,beta,HFV,HFV10,LFV,FDC,r2,training_length_days,training_time_minutes
0,0.14508324744910564,0.2533904601265038,0.7650690985245341,0.9478055004570998,0.914051335355907,-9.827427394519134,1.6627193158112825,-1.7332300790010786,58.06258599168791,0.5061261485481219,82,0.8154071616668565
