,MAE,RMSE,NSE,alpha,beta,HFV,HFV10,LFV,FDC,training_length_days,training_time_minutes
0,0.11512610623614933,0.14857296302964215,-0.11291561003529371,0.7395074618005325,1.1183901091697999,1.2756767247679812,1.0515805086955603,1.3147884562385181,1.9130919459278677,2764,84.65361677301601
