,MAE,RMSE,NSE,alpha,beta,HFV,HFV10,LFV,FDC,training_length_days,training_time_minutes
0,0.4543402568363573,0.7178101008999807,0.31556263226829395,0.7126078749639033,0.8446890817213702,0.6095431980206014,0.8305753810203844,0.7525399338391318,0.4362109451404688,4054,121.3965536020832
