,MAE,RMSE,NSE,alpha,beta,HFV,HFV10,LFV,FDC,training_length_days,training_time_minutes
0,0.800634040123741,1.0099586735534059,-1.0671387080977621,0.9749640880092647,1.5307366866554202,1.1304190687179658,1.2556375715075432,1.9016093460479897,2.9785038337106693,4796,608.1692785867334
