,MAE,RMSE,NSE,alpha,beta,HFV,HFV10,LFV,FDC,training_length_days,training_time_minutes
0,2.1629931441193633,2.351012815053711,-1.3761015276203672,0.0,2.2681427559139142,0.4897218932410839,0.8443992254422527,5.935902627935058,49.17818785972817,2463,126.0681173533337
