,MAE,RMSE,NSE,alpha,beta,HFV,HFV10,LFV,FDC,r2,training_length_days,training_time_minutes
0,0.2850709087486063,0.38625765807014484,0.01664016983453187,0.4489026608536383,0.8383324912437332,-55.83904020860743,-47.992154023555635,-37.228146467370955,-32.71155715401467,0.03520607756578287,378,3.119383993333031
