,MAE,RMSE,NSE,alpha,beta,HFV,HFV10,LFV,FDC,training_length_days,training_time_minutes
0,0.2344245254437634,0.38565750454497744,0.030773631451186945,1.3035287492494905,1.3060218496595686,1.3324565185962227,1.3687048017992265,1.2462163670848039,1.198976114342129,4119,63.13727092314996
