,MAE,RMSE,NSE,alpha,beta,HFV,HFV10,LFV,FDC,training_length_days,training_time_minutes
0,31.88818920231514,43.24122476385888,-4.1732315862865565,2.020267242829864,3.9835826678283617,1.7070784674066422,2.644329003827192,16.099563865195023,173.44520664259545,2406,9.762283403333333
