,MAE,RMSE,NSE,alpha,beta,HFV,HFV10,LFV,FDC,training_length_days,training_time_minutes
0,0.723777733511185,0.9761681459969419,0.15981452086018033,0.6916133834475112,0.9534013422931104,0.45397350031665185,0.6850661850545722,1.2339730852217035,0.05576112789030088,3056,230.90682069821656
