,MAE,RMSE,NSE,alpha,beta,HFV,HFV10,LFV,FDC,training_length_days,training_time_minutes
0,4.067882326107241,4.487464007321525,-1.5884405278059668,0.29601918067034255,2.433568020341648,0.676400837699665,0.9920844044555782,6.260516009985197,12.210129062617927,4317,91.87767634155026
