,MAE,RMSE,NSE,alpha,beta,HFV,HFV10,LFV,FDC,r2,training_length_days,training_time_minutes
0,0.9157017012661295,1.0610218699597427,-0.6881977294664374,0.7709884318124961,1.7743777244647898,3.871729482061758,2.8540617777810704,30.060597237813106,-62.87021864076284,0.10488922136740075,287,23.383415390000057
