,MAE,RMSE,NSE,alpha,beta,HFV,HFV10,LFV,FDC,r2,training_length_days,training_time_minutes
0,0.5927372284534491,0.9151583231215953,0.2927125171492597,0.839544643797993,1.3780047887182258,-29.253284255840825,-9.376222178286953,14.89251684341985,-23.831344113899206,0.266567934666761,468,17.071161855000053
