,MAE,RMSE,NSE,alpha,beta,HFV,HFV10,LFV,FDC,training_length_days,training_time_minutes
0,682.1419433516037,1472.6793183720165,-11.128590745133954,3.2301543179360337,2.7206940762325367,3.374549776186884,2.94566478871963,2.3378467784765107,1.291050564019658,4444,333.2495405059999
