,MAE,RMSE,NSE,alpha,beta,HFV,HFV10,LFV,FDC,training_length_days,training_time_minutes
0,2.2231595017466064,2.857684574607236,-1.5743752044740003,0.2449289338774449,0.21074439816484528,0.19514160736292965,0.24838390232266147,0.1612938332621326,0.16577155994726084,4053,43.783767123632906
