,MAE,RMSE,NSE,alpha,beta,HFV,HFV10,LFV,FDC,training_length_days,training_time_minutes
0,2.7210664131070796,52.44602942635376,-0.002059435573071866,2.1190653805192756e-18,0.09857421889515187,0.0043176418457054975,0.02026591466216172,1316.7414634146342,inf,4254,45.303763177816776
