,MAE,RMSE,NSE,alpha,beta,HFV,HFV10,LFV,FDC,r2,training_length_days,training_time_minutes
0,760202.9032565396,785884.336990839,-2414358487500.703,393974.9356849758,866114.3856419908,39544865.836021505,50415961.58786707,56854692.60575369,-121.79857282612357,0.024139424530043252,450,1.8381758099999084
