,MAE,RMSE,NSE,alpha,beta,HFV,HFV10,LFV,FDC,training_length_days,training_time_minutes
0,0.45057136294296835,0.7495633823257316,0.3992107515441923,0.4771565265600665,1.1138929017832828,0.4144509111226115,0.7145170718765902,1.7759708582170184,1.234848909129948,2299,22.019278305000626
