,MAE,RMSE,NSE,alpha,beta,HFV,HFV10,LFV,FDC,training_length_days,training_time_minutes
0,0.20765478022605233,0.28614507785784155,0.5466959979642918,1.0304319557938704,0.9115164536946769,1.080449396171544,0.9560699541254974,0.8980811914880609,0.787740444041717,4282,135.86444983403345
