,MAE,RMSE,NSE,alpha,beta,HFV,HFV10,LFV,FDC,training_length_days,training_time_minutes
0,30.229817047280054,58.408952627789446,-0.5848079291764796,1.4313516348872457,1.796000465699409,1.6877197432781434,1.9783167586435106,1.2693558241989242,0.37948771095497846,4119,122.66373367218281
