,MAE,RMSE,NSE,alpha,beta,HFV,HFV10,LFV,FDC,r2,training_length_days,training_time_minutes
0,0.7334967356247228,1.0165551006736553,0.5622262287220724,0.990896630164255,1.0754613730586302,6.557504854706983,-3.1360228110004953,3.3792933452396516,15.213826201238643,0.04813171589336063,197,26.730833394999596
