,MAE,RMSE,NSE,alpha,beta,HFV,HFV10,LFV,FDC,training_length_days,training_time_minutes
0,6.97013748049922,23.230696118710558,-0.011919969691753352,7.692031816003318e-17,0.6726126029783253,0.05890848612549811,0.18949302315936264,2.7487522802505167,11.047299113141632,1477,3.218845644999999
