,MAE,RMSE,NSE,alpha,beta,HFV,HFV10,LFV,FDC,r2,training_length_days,training_time_minutes
0,0.9562157129405642,1.210313679059148,-0.2872586079621686,0.7838306445831585,1.6829691617518228,-16.784802960900514,-5.844921205154633,19.687150202096074,-59.270887239915105,0.16596093192542882,741,38.60085725833342
