,MAE,RMSE,NSE,alpha,beta,HFV,HFV10,LFV,FDC,training_length_days,training_time_minutes
0,2.336100244628029,3.2751039813160707,0.5063838353264146,0.4612707594067486,0.878085807957168,0.4836192574230718,0.6095200729092748,1.0722099493031323,,5064,107.4848041566666
