,MAE,RMSE,NSE,alpha,beta,HFV,HFV10,LFV,FDC,training_length_days,training_time_minutes
0,288.8104203403743,395.210389651436,-5445170.312403021,1593.1671809698641,222.20427697951004,335.75388283736106,365.1931464963088,117.38127438654834,1.9092335095581803,4286,52.546110276616915
