,MAE,RMSE,NSE,alpha,beta,HFV,HFV10,LFV,FDC,r2,training_length_days,training_time_minutes
0,0.18474824692696928,0.29965309842110854,0.6714532539834042,0.9309058826046348,0.8929184451490008,-20.902895349184053,6.932189537012251,6.1280868954914345,,0.46918189226822127,82,0.8102781816667023
