,MAE,RMSE,NSE,alpha,beta,HFV,HFV10,LFV,FDC,r2,training_length_days,training_time_minutes
0,0.45897391364905776,0.7062705752432402,0.38757060205665017,0.775993484088895,1.2036718141718714,-39.94355930495301,-13.019710474205597,6.902401496400849,-9.395819858183417,0.1400604068171014,434,29.261610454999996
