,MAE,RMSE,NSE,alpha,beta,HFV,HFV10,LFV,FDC,training_length_days,training_time_minutes
0,89.00152263847392,110.11372184425278,-1.0194873202260282,0.0,1.3996511068705708,0.8242874567388296,0.9109364296788757,1.9289077375742427,2.9332950921373815,2764,24.742251458300355
