,MAE,RMSE,NSE,alpha,beta,HFV,HFV10,LFV,FDC,training_length_days,training_time_minutes
0,0.060656380458004686,0.12451180423005262,0.4851379122344921,0.9148707642409527,0.7750622292451742,0.9100314172409482,0.7764903448271452,0.8531507145878081,3.3722565908182895,1477,26.15873513333336
