,MAE,RMSE,NSE,alpha,beta,HFV,HFV10,LFV,FDC,r2,training_length_days,training_time_minutes
0,0.1800386614092573,0.3295654966674853,0.3675899213239061,0.6407183649620384,0.6337756765279057,-36.48831800242069,-37.74525898211606,-36.473320929312436,7.82285664664413,0.3455122306135382,238,14.527461321666488
