,MAE,RMSE,NSE,alpha,beta,HFV,HFV10,LFV,FDC,training_length_days,training_time_minutes
0,0.44375806457442907,0.9464676131525451,0.18306461408374874,1.1687211630034429,1.1814901082201297,1.3136785645180131,1.5287020605295745,0.4588073568926837,0.06731198053033777,680,3.429493324999991
