,MAE,RMSE,NSE,alpha,beta,HFV,HFV10,LFV,FDC,training_length_days,training_time_minutes
0,3.1140942590161234,3.5237684003554226,-0.8757079246776003,0.09579543971252641,1.6593706553987808,0.6825988495460619,0.8623912580878723,2.7555673122266096,7.901809192671186,3074,15.50064273166666
