,MAE,RMSE,NSE,alpha,beta,HFV,HFV10,LFV,FDC,training_length_days,training_time_minutes
0,1385.1814830157414,2532.6611509548575,-0.4232447423485597,0.0,0.029546606123589565,0.004253163115856266,0.009401093727279522,0.10726480085146169,0.5627599659307807,4103,190.83910108035005
