,MAE,RMSE,NSE,alpha,beta,HFV,HFV10,LFV,FDC,training_length_days,training_time_minutes
0,1697.3782609610366,1880.5131356354848,-0.6293528714448404,3.0867494651141124e-16,1.8222619031621,0.4081468062244208,0.6925962512221628,4.200171485894963,11.957069961780295,3074,13.793052054999999
