,MAE,RMSE,NSE,alpha,beta,HFV,HFV10,LFV,FDC,training_length_days,training_time_minutes
0,150.0243775291561,275.6457087238837,0.5861857170770699,0.6544621638870398,0.9339951183167667,0.5848084614837805,0.7728817652649067,1.2202903497449504,0.9397918307371559,2210,215.31961738166672
