,MAE,RMSE,NSE,alpha,beta,HFV,HFV10,LFV,FDC,training_length_days,training_time_minutes
0,187.9540849906997,583.2824830402516,-0.1139056231189477,3.214219093369479e-18,0.06473422687289945,0.007018318663405207,0.018897447161282006,0.31187058442486354,1.8585281359955206,4760,11.334055758066825
