,MAE,RMSE,NSE,alpha,beta,HFV,HFV10,LFV,FDC,training_length_days,training_time_minutes
0,1.049420289815403,1.6437086767171334,-9.11019890651522,2.747286169851587,2.2036383232727106,3.0371097546180237,3.0822854282472334,1.628707079143817,-15.841383581386637,2166,121.12051436008382
