,MAE,RMSE,NSE,alpha,beta,HFV,HFV10,LFV,FDC,training_length_days,training_time_minutes
0,1.0671061350708553,1.4155564072255313,0.10470236631357177,0.6016408631328157,0.9496417702116489,0.7355990512279873,0.8257634448731243,1.1047808044926477,2.3083801617435067,4099,136.55471034510023
