,MAE,RMSE,NSE,alpha,beta,HFV,HFV10,LFV,FDC,training_length_days,training_time_minutes
0,1.4042007646187988,1.7698453582685998,-10.396022808107336,1.9931748073058047,2.155353381225688,1.595602387988203,2.168046594256834,2.0350488113554492,2.0222017302778728,4254,61.39870124544977
