,MAE,RMSE,NSE,alpha,beta,HFV,HFV10,LFV,FDC,training_length_days,training_time_minutes
0,8.722600369471307,21.28945169110707,0.15013357629838042,0.5375985122817519,1.3878192243840162,0.5601952904266656,1.1186999802969433,1.936227218929737,0.7317722031208724,1477,8.884157644999998
