,MAE,RMSE,NSE,alpha,beta,HFV,HFV10,LFV,FDC,training_length_days,training_time_minutes
0,0.509116654568229,0.67651115705728,-0.05238788953621287,0.8174957179306198,1.2257477787265776,0.8472653968548537,1.0251681620850246,1.515870627247657,3.621065344767232,4342,641.1322596574503
