,MAE,RMSE,NSE,alpha,beta,HFV,HFV10,LFV,FDC,training_length_days,training_time_minutes
0,0.2971923204207984,0.40419422121578724,-0.2937374444022731,1.084006607322128,1.5474254405111054,1.0739548157577017,1.3655072601531337,1.7655889272674896,1.1216803331393561,5103,75.43346525911669
