,MAE,RMSE,NSE,alpha,beta,HFV,HFV10,LFV,FDC,training_length_days,training_time_minutes
0,0.22235793287506628,0.44347874973014917,-7649.66981419585,82.16820877669561,2.7955045316321003,17.423333078542026,11.052471941199805,0.3732699284065197,0.09654529365560446,3543,61.57215115751654
