,MAE,RMSE,NSE,alpha,beta,HFV,HFV10,LFV,FDC,training_length_days,training_time_minutes
0,0.5669705249968131,0.8196884864806173,-0.5934105356140911,0.3895516409415957,0.4749171532942896,0.30871203662996827,0.4026722984555152,0.4893512029906221,0.23285218280574,775,8.525548191666667
