,MAE,RMSE,NSE,alpha,beta,HFV,HFV10,LFV,FDC,training_length_days,training_time_minutes
0,65.7265628756155,96.03944451317103,-0.8882113953463506,1.1001959392507041,1.9052537634041422,1.140642975410878,1.4449774934327362,3.2640281400567113,9.46248667742294,4342,971.9303816370167
