,MAE,RMSE,NSE,alpha,beta,HFV,HFV10,LFV,FDC,training_length_days,training_time_minutes
0,0.7130480713579304,0.7996514472891992,-3.3228634931832595,0.6323663023965603,2.7955889075130544,1.0021780300137475,1.3790917624224008,7.595818400091792,22.944233524243053,2536,201.16934106833335
