,MAE,RMSE,NSE,alpha,beta,HFV,HFV10,LFV,FDC,r2,training_length_days,training_time_minutes
0,0.13712571317998784,0.18875194768619655,0.3503674058433689,0.9724174600296328,1.0539690958944086,-4.655586594522242,0.6852215227738981,3.5798593542336894,-9.112199404487209,0.31583604368697227,853,38.405045576666694
