,MAE,RMSE,NSE,alpha,beta,HFV,HFV10,LFV,FDC,training_length_days,training_time_minutes
0,71.3547159240436,102.99438560841455,-1.1715930239756696,1.1596666550112222,1.92458802457536,1.1783185950383588,1.5202621324992047,3.1109868968244525,9.035131786583888,4342,630.4611695942499
