,MAE,RMSE,NSE,alpha,beta,HFV,HFV10,LFV,FDC,r2,training_length_days,training_time_minutes
0,1.7192996752035512,2.082623288348961,-0.05790210123884054,1.381709864460787,1.6312918929160354,11.28968282219091,21.192693839834984,50.18012756712795,,0.0042755270487812025,460,42.66258580666666
