,MAE,RMSE,NSE,alpha,beta,HFV,HFV10,LFV,FDC,training_length_days,training_time_minutes
0,2417.658591015828,2758.556780613,-1.482973636801741,0.45981692720161316,2.734751344424229,0.6827887743931453,1.2535057613558234,6.475392654593841,10.22917737943096,4051,507.67272144999976
