,MAE,RMSE,NSE,alpha,beta,HFV,HFV10,LFV,FDC,training_length_days,training_time_minutes
0,2.363460891891511,2.9339672350951016,0.6734905113592522,1.0278470726056277,1.0729933744747804,0.9766432762774541,1.0004386660705094,1.0735605208529762,0.9323829721870756,3555,98.90375307739984
