,MAE,RMSE,NSE,alpha,beta,HFV,HFV10,LFV,FDC,training_length_days,training_time_minutes
0,0.12045856319265466,0.1799829729156799,-1259.1338343641817,35.72109622944743,0.9579805639791181,7.648260481571729,4.209351547292661,0.04501246635882862,0.011464671616590675,3543,139.8303939368833
