,MAE,RMSE,NSE,alpha,beta,HFV,HFV10,LFV,FDC,training_length_days,training_time_minutes
0,0.7272127950974573,0.9735989823029966,0.019354708894490424,0.06789413397163797,1.0391665111436417,0.26527703970608496,0.37650082138481883,3.7909596184474115,29.908347609609713,4021,90.69255358563387
