,MAE,RMSE,NSE,alpha,beta,HFV,HFV10,LFV,FDC,training_length_days,training_time_minutes
0,0.6432663120161706,0.9898456346773357,-0.21689473065287923,3.167446063290514e-14,0.9956382157843758,0.9686782241793822,0.9808234303513987,1.0012155042813347,1.0053275419576981,4097,7.883660094998777
