,MAE,RMSE,NSE,alpha,beta,HFV,HFV10,LFV,FDC,training_length_days,training_time_minutes
0,755.3370143740191,1228.4424150600018,0.09139658359413383,0.7732714231006166,1.6891336947814868,0.6443947753603769,1.2034067792215764,2.5379297764750333,1.0697706157309632,3055,60.80074176381701
