,MAE,RMSE,NSE,alpha,beta,HFV,HFV10,LFV,FDC,training_length_days,training_time_minutes
0,55.05279083872458,179.0157213706356,-0.011235721038422408,3.991399807413406e-17,0.6364196238603955,0.04835087103531934,0.15295657588025546,5.6652316347357745,21.29035395437047,4316,69.50527692508331
