,MAE,RMSE,NSE,alpha,beta,HFV,HFV10,LFV,FDC,training_length_days,training_time_minutes
0,0.06484284245670499,0.13304470177129107,-0.03249327747718067,0.6312062258657093,0.5773274716518276,0.6061087786614057,0.7492224819343125,0.19892608968048747,0.08088752926566534,691,4.516271146666653
