,MAE,RMSE,NSE,alpha,beta,HFV,HFV10,LFV,FDC,training_length_days,training_time_minutes
0,543.0248836051258,652.4107150531512,-0.2886496560482501,0.8820506636120542,2.4734475655063823,0.8409621060262443,1.4067234554377595,7.112808911183518,9.900884065374266,2586,303.9030034966665
