,MAE,RMSE,NSE,alpha,beta,HFV,HFV10,LFV,FDC,training_length_days,training_time_minutes
0,0.7436877052278442,1.3182639188685972,0.04781342018022938,0.7121253289678834,0.7210698342118798,0.6313355366159069,0.8247901547742829,0.6214521065317619,0.07199121866993463,3683,98.68390354448336
