,MAE,RMSE,NSE,alpha,beta,HFV,HFV10,LFV,FDC,r2,training_length_days,training_time_minutes
0,0.5666460995662347,0.646181224056983,-37.271857382913495,3.8879621724324505,3.8820666713435212,141.79886614205893,259.53717187648425,308.45134751462524,33.98645711253429,0.12969797189787935,460,85.40252720333332
