,MAE,RMSE,NSE,alpha,beta,HFV,HFV10,LFV,FDC,training_length_days,training_time_minutes
0,0.7768142163453272,0.9551033069694981,-0.5325959888888243,0.8854430222988907,2.6374891127684146,1.2061008086029121,1.6649521103273393,4.838109435080847,,2768,746.3926348800004
