,MAE,RMSE,NSE,alpha,beta,HFV,HFV10,LFV,FDC,training_length_days,training_time_minutes
0,0.06494928562715578,0.133660942290619,-0.04208009632831322,0.5653292315683908,0.4745143553303584,0.5461063256901729,0.6465888956786686,0.12439639181485343,0.029869804333700657,691,3.174641723333328
