,MAE,RMSE,NSE,alpha,beta,HFV,HFV10,LFV,FDC,training_length_days,training_time_minutes
0,1.5811379988422762,2.0030805439580193,-1.02140675281909,0.962744251912745,1.6762507288495352,1.0165628977397636,1.2121807848335193,2.7922014239325192,70.93398326302572,4385,294.4596948118172
