,MAE,RMSE,NSE,alpha,beta,HFV,HFV10,LFV,FDC,training_length_days,training_time_minutes
0,1358.8587505833618,2329.25173141953,-0.5195150579735237,0.03279417496346214,0.017362098861881423,0.03403011562440867,0.028253792137351016,0.0002729851915694937,7.878154155204955e-05,4053,48.06324038046684
