,MAE,RMSE,NSE,alpha,beta,HFV,HFV10,LFV,FDC,training_length_days,training_time_minutes
0,144.23085673177553,283.749265548934,-3.0069855555597647,1.8083225720501699,2.719585864495723,1.9789431621243272,2.287823071923914,3.651255894338262,3.6659034379257505,3784,394.68405174071665
