,MAE,RMSE,NSE,alpha,beta,HFV,HFV10,LFV,FDC,training_length_days,training_time_minutes
0,1.7489208133959118,1.9797760273366825,-0.986451536377998,0.8958206202170433,1.9038088783927034,1.0130003141454267,1.3356762360471843,2.792248323896031,4.80110438116275,4077,234.5780083739674
