,MAE,RMSE,NSE,alpha,beta,HFV,HFV10,LFV,FDC,r2,training_length_days,training_time_minutes
0,0.20505731855780115,0.3074196091949773,0.13008886270568154,0.4920497758644461,1.0261136380995775,-44.05429811357048,-21.639485676581053,-8.029117842684949,4.985256903049366,0.004421391513213857,201,5.4864836299998085
