,MAE,RMSE,NSE,alpha,beta,HFV,HFV10,LFV,FDC,r2,training_length_days,training_time_minutes
0,0.27310959341857255,0.34592497926996585,0.22255283525076153,0.5585983114200527,1.2537485430888666,-25.499820940712457,-16.75364162629217,-3.0529607138239676,-38.5822727400451,0.0018983829943602926,263,8.403616376666712
