,MAE,RMSE,NSE,alpha,beta,HFV,HFV10,LFV,FDC,training_length_days,training_time_minutes
0,0.40104896907216586,0.5364840054078225,-0.36216724683910817,0.0,0.8867034592926586,0.6131763302420971,0.6827294863461664,1.009539734154727,1.1618485973658,2540,3.951256315000743
