,MAE,RMSE,NSE,alpha,beta,HFV,HFV10,LFV,FDC,r2,training_length_days,training_time_minutes
0,0.32294023182614556,0.6456606601314541,-0.47942963044586695,0.5365428135000535,1.5865169950814497,-58.28761451642269,-0.9534516042753157,55.6889732966449,9.579909930126682,6.641741254842515e-05,276,1.9521522316665747
