,MAE,RMSE,NSE,alpha,beta,HFV,HFV10,LFV,FDC,training_length_days,training_time_minutes
0,364.6650122625967,550.4527523843651,-2.6630882523048243,1.678249489840955,3.656124980942309,1.746108947306178,2.593815031518545,8.833860769079683,-0.13620101375966456,2323,103.49346292418332
