,MAE,RMSE,NSE,alpha,beta,HFV,HFV10,LFV,FDC,training_length_days,training_time_minutes
0,1.9937907273310225,2.2885282069288375,0.6807543430032217,0.7526990939700227,1.4259685054066638,0.9158562798867211,0.9380515392680785,2.955393140383181,3.8156961830049885,3875,164.33749925188312
