,MAE,RMSE,NSE,alpha,beta,HFV,HFV10,LFV,FDC,training_length_days,training_time_minutes
0,0.7488012252327192,1.1548623099511908,0.12094932603851205,1.002282185052473,1.1236068233045253,1.002372522380213,1.1255300109085553,1.158724766323817,1.230995072396464,4101,80.8481148655667
