,MAE,RMSE,NSE,alpha,beta,HFV,HFV10,LFV,FDC,training_length_days,training_time_minutes
0,5.151191121110395,5.214364112579627,-28.132386671648078,0.2064079082806,8.577582815350397,1.3855219532414855,3.1504432847308634,22.32738990955565,55.15409149735762,3711,45.1021750948501
