,MAE,RMSE,NSE,alpha,beta,HFV,HFV10,LFV,FDC,training_length_days,training_time_minutes
0,0.8532528663348095,1.269492704013377,0.37309371800227953,1.060274377190502,0.8275114641254162,1.004781905353921,1.0734507324398148,0.4865119402517208,0.25942077390138657,4390,321.23286441973323
