,MAE,RMSE,NSE,alpha,beta,HFV,HFV10,LFV,FDC,training_length_days,training_time_minutes
0,215.77550517958247,263.89785508023647,-4.549165777641652,1.551588572931831,8.082771854058091,2.904427542941674,4.965035538472384,18.0351674965141,,1670,83.32690523666679
