,MAE,RMSE,NSE,alpha,beta,HFV,HFV10,LFV,FDC,training_length_days,training_time_minutes
0,35.41994114479522,59.25142153476644,0.18221509889472398,1.307359399825355,1.2331506434619148,1.2707791840953826,1.4687021539745404,0.5350022614503742,0.04335183733132934,3041,103.6864933751504
