,MAE,RMSE,NSE,alpha,beta,HFV,HFV10,LFV,FDC,training_length_days,training_time_minutes
0,0.6718844443331201,1.0212949500685127,-0.29544934345157947,0.0399122659368805,0.9949906526663227,0.968653052376635,0.9806957129997727,1.0003042698424993,1.0041502279458572,4097,7.751438720000442
