,MAE,RMSE,NSE,alpha,beta,HFV,HFV10,LFV,FDC,training_length_days,training_time_minutes
0,1.3420912254221384,1.8618642453597047,0.35263387920407085,0.8049378426783407,1.1773169050146868,0.8119568761403126,0.9253033566629268,1.5240726221578225,1.5084755133834138,4016,159.72973229911682
