,MAE,RMSE,NSE,alpha,beta,HFV,HFV10,LFV,FDC,training_length_days,training_time_minutes
0,132.0009747038292,163.5816545941216,-1.1679343269199967,1.2408208150828208,3.09698901787152,1.3127585421959609,2.050823832310693,5.538425015397371,5.392036951532579,2203,160.5117266166669
