,MAE,RMSE,NSE,alpha,beta,HFV,HFV10,LFV,FDC,training_length_days,training_time_minutes
0,0.19181885499424617,0.3648855203805307,0.5061468214863795,1.0317564787355475,0.8075263201639797,1.035201177296391,1.0554904571336041,0.5182916156322939,0.4351455960006134,4072,406.33958369833346
