,MAE,RMSE,NSE,alpha,beta,HFV,HFV10,LFV,FDC,training_length_days,training_time_minutes
0,0.533257316994727,0.7018863164968571,-3.4484523625932333,1.5613452671130674,1.5165043835807945,1.683484576658832,1.6143653581754838,1.469005826766177,2.6942435390774166,1704,215.14088153273332
