,MAE,RMSE,NSE,alpha,beta,HFV,HFV10,LFV,FDC,training_length_days,training_time_minutes
0,0.9907102096700272,1.3934752747775592,-0.3918218694140596,0.640877922335503,0.47767904226304564,0.5611969457800257,0.5696328717351967,0.30853218232710844,-0.5920878643382198,4246,1136.3460229433335
