,MAE,RMSE,NSE,alpha,beta,HFV,HFV10,LFV,FDC,training_length_days,training_time_minutes
0,0.41720057579705994,0.5799863149479413,0.362278178909337,1.053110367920839,1.0467364802953865,1.0982281971249723,1.0989405841488553,1.032876613027713,1.6425383944632186,4173,447.2063856572667
