,MAE,RMSE,NSE,alpha,beta,HFV,HFV10,LFV,FDC,r2,training_length_days,training_time_minutes
0,4.053031066129287,5.0175340253525915,-21.123333880242992,2.5548100942514007,5.372494567612612,117.86228375480846,178.44244859186273,282.92330426524865,-42.81829785031135,0.17397423907317833,741,103.49716910333349
