,MAE,RMSE,NSE,alpha,beta,HFV,HFV10,LFV,FDC,r2,training_length_days,training_time_minutes
0,0.42904325593676657,0.619671596120522,-0.37134421736795953,1.0880626646844278,1.1310119551644904,4.397890685123715,4.294828669761779,15.485296360421877,27.889378006163867,0.2730974977122068,425,4.129275028333359
