,MAE,RMSE,NSE,alpha,beta,HFV,HFV10,LFV,FDC,r2,training_length_days,training_time_minutes
0,1.7360244038129313,1.911432205386146,-14.011588397660203,1.2375697133076993,-1.7658845248228132,-98.24448370814112,-102.21539896981332,-132.38049852978364,,0.00023724215107745472,461,22.813383434999984
