,MAE,RMSE,NSE,alpha,beta,HFV,HFV10,LFV,FDC,training_length_days,training_time_minutes
0,0.47769475393914346,0.6959941414980505,-0.5612512225863846,1.2802110283247747,1.2416245362305263,1.2061306762578163,1.2945600974023947,1.1343588219661298,0.947036712099141,3784,648.9661352367004
