,MAE,RMSE,NSE,alpha,beta,HFV,HFV10,LFV,FDC,training_length_days,training_time_minutes
0,1.0997013736227734,1.4925037996412758,-1.644695748148358,1.398607702064892,1.924935633300238,1.6077631547976816,1.6085810433123418,2.315375127099053,17.998615204089745,2711,231.80231846333288
