,MAE,RMSE,NSE,alpha,beta,HFV,HFV10,LFV,FDC,training_length_days,training_time_minutes
0,0.2990506082325131,0.5112133158923601,-0.4073482230106611,0.16279204269489625,0.38291163535364875,0.19480689147619862,0.30037387306628066,0.45232862304164684,0.5100685903423365,3662,114.78885027906702
