,MAE,RMSE,NSE,alpha,beta,HFV,HFV10,LFV,FDC,training_length_days,training_time_minutes
0,0.6148737208957414,0.8339239379528578,-0.5991116822242979,1.0087947699410855,1.1654924324044595,1.0210536726079902,1.112288910641121,1.2342031709792538,2.2675079695440994,4342,496.2351192745831
