,MAE,RMSE,NSE,alpha,beta,HFV,HFV10,LFV,FDC,training_length_days,training_time_minutes
0,215.259124378934,355.3142329066867,0.2230827386886851,0.427388053795516,1.2385111522287453,0.3868976706892455,0.7035285599908695,2.200151926830819,2.417543815870491,3056,142.08864147445007
