,MAE,RMSE,NSE,alpha,beta,HFV,HFV10,LFV,FDC,training_length_days,training_time_minutes
0,32.439428272611956,62.493574230989566,0.17721087617635511,0.8504673579122197,1.7682057007818894,0.8362098929587038,1.3746112282291683,3.1546256348621755,-3.258373933980007,3874,343.538312798333
