,MAE,RMSE,NSE,alpha,beta,HFV,HFV10,LFV,FDC,training_length_days,training_time_minutes
0,0.3421335355500869,0.6066829733840756,0.35618673184280836,0.7609174787700348,0.6316839584913215,0.6236446690380052,0.8368172623703182,0.22203755007659098,0.055687753815061296,660,4.688252978333306
