,MAE,RMSE,NSE,alpha,beta,HFV,HFV10,LFV,FDC,training_length_days,training_time_minutes
0,1.7776623735928259,3.2868195826390543,-0.038648571421008526,1.376983287959469e-16,0.8195723526274163,0.20445246335805112,0.32629642301398415,1.4854741286569804,1.9746973351280726,3055,47.463721601983224
