,MAE,RMSE,NSE,alpha,beta,HFV,HFV10,LFV,FDC,training_length_days,training_time_minutes
0,0.8982553037344996,1.3338304134255403,-0.17261306017792366,0.17677693899044616,0.7335732726365167,0.2947774167971895,0.4362680908026194,1.36744122790556,4.1261268393428,4101,42.149648567916664
