,MAE,RMSE,NSE,alpha,beta,HFV,HFV10,LFV,FDC,training_length_days,training_time_minutes
0,396418.2481679216,461222.58513113507,-10357619966167.482,1645031.661481904,-2594137.656737804,0.6336754609735821,0.5907943737073675,-5843116.8658844475,-8578933.758333543,4683,246.84271292
