,MAE,RMSE,NSE,alpha,beta,HFV,HFV10,LFV,FDC,training_length_days,training_time_minutes
0,0.4318539560630772,0.5738803859952586,-0.4211027418980384,0.9104554711247288,1.2454959583017793,0.9111270456704158,1.043690946170713,1.5957294754209488,1.898569017757321,1704,92.53620375669998
