,MAE,RMSE,NSE,alpha,beta,HFV,HFV10,LFV,FDC,training_length_days,training_time_minutes
0,0.32493070113661054,0.4859462779726894,0.09671880324492832,1.0299518144899034,0.7175400946674234,0.7945730005406219,1.2580689870459945,-0.4194082969315167,-1.5553590426752453,659,9.675560230000004
