,MAE,RMSE,NSE,alpha,beta,HFV,HFV10,LFV,FDC,training_length_days,training_time_minutes
0,2.8038085799848855,2.947798684594663,-25.385315710441475,1.226568613270425,-6.277669573675735,-0.13896296432427727,-1.5040814297544227,-23.1362267908084,-200.3459383581625,2240,53.09913843000007
