,MAE,RMSE,NSE,alpha,beta,HFV,HFV10,LFV,FDC,training_length_days,training_time_minutes
0,0.42063629819228926,10.036291783251354,-0.0017596669516681818,0.0,0.0,0.0,0.0,,,4620,29.217002155999943
