,MAE,RMSE,NSE,alpha,beta,HFV,HFV10,LFV,FDC,r2,training_length_days,training_time_minutes
0,2.0440065843759676,2.640958646971472,-0.16373457479254094,0.9477665029504826,0.10694727419631911,-44.9161580424107,-26.122185185817706,-34.570863291372355,,0.0027700290555654483,455,22.961839513333324
