,MAE,RMSE,NSE,alpha,beta,HFV,HFV10,LFV,FDC,training_length_days,training_time_minutes
0,1.151247669167366,1.6905362497295338,-1.044322046818964,1.021577511595234,1.865904142740528,1.025179996825442,1.5215288607134063,2.066217759058999,1.4695063152707344,2390,55.43360344588339
