,MAE,RMSE,NSE,alpha,beta,HFV,HFV10,LFV,FDC,r2,training_length_days,training_time_minutes
0,0.6099303722237707,0.9116341509875108,-0.4713730072993405,0.8912388384209258,1.8547393775470258,-27.60011579343913,7.844237368548517,42.12951462231986,-27.354806755463667,0.11169005497352602,244,1.9415514633333564
