,MAE,RMSE,NSE,alpha,beta,HFV,HFV10,LFV,FDC,r2,training_length_days,training_time_minutes
0,0.18039070837473997,0.28785840424588605,0.5175268667780746,0.5290166407272252,1.1202284062689052,-43.341114542614726,-41.26497629098087,-21.024227113841203,-16.776292848142205,0.25228364878195064,238,10.820105771666567
