,MAE,RMSE,NSE,alpha,beta,HFV,HFV10,LFV,FDC,training_length_days,training_time_minutes
0,70.82004306617522,73.77468848425517,-604.2377759976945,6.9599852115784975,23.672057146868546,11.999828727890451,12.815039780979983,42.55946189880242,-46.82293084220209,4615,33.506468335866764
