,MAE,RMSE,NSE,alpha,beta,HFV,HFV10,LFV,FDC,training_length_days,training_time_minutes
0,1.0542174945215481,1.3669225438329746,-0.3392847820255591,0.0,0.5747830132087265,0.19781895302215582,0.2752985165425332,1.0742938940930478,5.250237868696473,4246,385.57723318499995
