,MAE,RMSE,NSE,alpha,beta,HFV,HFV10,LFV,FDC,training_length_days,training_time_minutes
0,0.06476135393474289,0.13320077400131833,-0.034917095086962835,0.6077178837949266,0.5481399327108699,0.5834201886782189,0.7176564466193995,0.1799427475682917,0.06793587886111162,691,6.637989976666692
