,MAE,RMSE,NSE,alpha,beta,HFV,HFV10,LFV,FDC,training_length_days,training_time_minutes
0,0.25776769462657184,0.32158458416848157,0.3134399762597755,0.911960715706032,1.2071029339112131,1.0129328275221823,1.0185814194483709,1.6390609580947546,-19.085880788887344,2221,399.67798567499995
