,MAE,RMSE,NSE,alpha,beta,HFV,HFV10,LFV,FDC,training_length_days,training_time_minutes
0,3.0807063177008187,3.602661368370954,-0.6683344575446029,0.953846520144955,2.0234006055400933,1.0112415541330575,1.3354305091168028,3.791803159566872,4.415696355158587,4317,164.65463171688316
