,MAE,RMSE,NSE,alpha,beta,HFV,HFV10,LFV,FDC,training_length_days,training_time_minutes
0,0.6276129154692248,0.7971845503144084,-0.18081160726685241,0.9264195452265721,0.9907929221796762,0.8825970371200637,0.9500404858717644,1.0046746051481417,1.0285326897624785,2537,60.07298702000019
