,MAE,RMSE,NSE,alpha,beta,HFV,HFV10,LFV,FDC,training_length_days,training_time_minutes
0,19.094608044073347,66.97813086020433,0.2834279676650119,0.5249181698339606,0.14732019227471935,0.5586473547933547,0.5569568077492798,-3.119988843506044,-48.136941795079125,1213,25.248500401666874
