,MAE,RMSE,NSE,alpha,beta,HFV,HFV10,LFV,FDC,training_length_days,training_time_minutes
0,0.6536418029258942,0.8768516885466002,-1.7972736393183268,0.7590098273652429,1.4411409884715352,0.9706014738133243,1.2651002660254955,1.6550943270956955,1.984269754707966,4254,85.27348747750027
