,MAE,RMSE,NSE,alpha,beta,HFV,HFV10,LFV,FDC,r2,training_length_days,training_time_minutes
0,0.22741987376790912,0.28335358899602653,-0.5945878582948487,0.5554321860156709,1.1385783686272737,-48.22328258712463,-27.70647968303288,-12.195902483913335,-30.10010628915709,0.0004987787027497248,448,2.1071962433333584
