,MAE,RMSE,NSE,alpha,beta,HFV,HFV10,LFV,FDC,training_length_days,training_time_minutes
0,0.5716983371351997,0.7297256136181252,-0.23366866281141996,0.3628710698392709,0.9397425073158725,0.6686968769213402,0.7289944718333878,1.1400307612337472,1.8274744496355317,4089,73.98971977486605
