,MAE,RMSE,NSE,alpha,beta,HFV,HFV10,LFV,FDC,training_length_days,training_time_minutes
0,0.05536687286988758,0.07689624202877697,0.48131390049417366,0.9279112501904291,0.8658266888706682,0.7704199195787832,0.9179479879790735,0.6918026869567102,0.40068537850603725,2210,485.931609961666
