,MAE,RMSE,NSE,alpha,beta,HFV,HFV10,LFV,FDC,r2,training_length_days,training_time_minutes
0,0.08809141580153469,0.15982481362966558,0.18983358503422698,0.7835432950233758,1.014350779686403,-29.577673220539957,1.1815159613115158,6.050637929553905,12.367236213603586,0.041190934398091406,358,2.8149143583335294
