,MAE,RMSE,NSE,alpha,beta,HFV,HFV10,LFV,FDC,training_length_days,training_time_minutes
0,0.9186958943216189,1.073202631778414,-0.23159774651440124,0.7464526657725935,1.9228558625774477,0.6730719640415905,1.1755308904584396,3.205535483571154,2.4323163160559864,2299,22.842211834999034
