,MAE,RMSE,NSE,alpha,beta,HFV,HFV10,LFV,FDC,training_length_days,training_time_minutes
0,0.3667085748475028,0.6406562854015956,0.28206274183723345,0.6609930279331037,0.5132960092988323,0.545899808281483,0.7093248041416145,0.14648341595454548,0.0291356417354814,660,2.6603882516667
