,MAE,RMSE,NSE,alpha,beta,HFV,HFV10,LFV,FDC,training_length_days,training_time_minutes
0,1.6808342389796165,2.0248491257928585,-1.1945299999801264,0.001522451409914514,1.1024510600578614,0.9246559572947933,0.9746299381142939,1.1761791048454568,1.2525407632034304,2698,10.646777134999866
