,MAE,RMSE,NSE,alpha,beta,HFV,HFV10,LFV,FDC,training_length_days,training_time_minutes
0,0.4016228367578202,0.5327236305054416,-0.95372180481648,1.1884036426445233,0.8893498888530927,1.152893395244552,1.1320337151321083,0.8480155132388411,,2065,14.267340271666763
