,MAE,RMSE,NSE,alpha,beta,HFV,HFV10,LFV,FDC,training_length_days,training_time_minutes
0,35.16967041150174,86.13946349684777,0.408764771266956,0.9539138732497827,1.7426674435613627,1.355852148429793,1.6939803108283218,2.0973278594344684,,1670,55.18998570000016
