,MAE,RMSE,NSE,alpha,beta,HFV,HFV10,LFV,FDC,r2,training_length_days,training_time_minutes
0,0.6942258787852078,0.810207327273196,-0.03795002524508262,0.6622607407635586,1.0340276831829696,-17.660937025292228,-13.646278573695188,-10.725493250835704,-320.2345383290779,0.05054723148333706,460,25.40853557833325
