,MAE,RMSE,NSE,alpha,beta,HFV,HFV10,LFV,FDC,training_length_days,training_time_minutes
0,0.19810984352596467,0.22377490199269315,-0.3165418423774984,0.0,1.2109004441201263,0.6778070275838388,0.7914367194385193,1.444579247294398,,2917,17.214423650000146
