,MAE,RMSE,NSE,alpha,beta,HFV,HFV10,LFV,FDC,training_length_days,training_time_minutes
0,2.258319261836494,2.672945684436982,-0.25743539575810437,0.13960175773284328,1.563021832534645,0.6235000029332703,0.7837916981048266,3.4092644907212146,18.51070597369999,449,3.001907514999999
