,MAE,RMSE,NSE,alpha,beta,HFV,HFV10,LFV,FDC,training_length_days,training_time_minutes
0,530.1782071292126,847.2652803439087,0.22820548456797007,0.7773429092961164,1.8062332353651451,0.8694479900356726,1.3126868528260656,4.4653234338802035,17.723515626801962,2550,166.64379447570002
