,MAE,RMSE,NSE,alpha,beta,HFV,HFV10,LFV,FDC,training_length_days,training_time_minutes
0,1.3479518902633227,1.9716594334822406,-0.22548236120447318,0.015788153203416148,0.6742578817097501,0.21866490442000883,0.3478717498983393,1.1101004708193714,2.2057829517802325,4053,35.89375615095002
