,MAE,RMSE,NSE,alpha,beta,HFV,HFV10,LFV,FDC,r2,training_length_days,training_time_minutes
0,0.30404578534364085,0.44086159657142404,0.10631370298525933,1.0703255086250918,1.000513010109527,-7.0092936147244975,8.22630931996286,12.042850793277683,22.34741718266368,0.1371765624257818,668,182.4486639766663
