,MAE,RMSE,NSE,alpha,beta,HFV,HFV10,LFV,FDC,r2,training_length_days,training_time_minutes
0,0.08277192091824019,0.14250536714265777,0.3962039312810054,0.976258400878016,0.7786486985024988,-3.27344117478144,-5.848856802796651,-10.385166811140017,38.23362009142666,0.2310338098398773,227,1.7635231033331364
