,MAE,RMSE,NSE,alpha,beta,HFV,HFV10,LFV,FDC,training_length_days,training_time_minutes
0,0.4877679050826465,0.6552997484297346,0.1826637271729632,1.0322891896439925,1.5274697788015685,1.1483460345805412,1.3758265161318401,1.725061180735765,,1670,71.44740148333366
