,MAE,RMSE,NSE,alpha,beta,HFV,HFV10,LFV,FDC,training_length_days,training_time_minutes
0,211.8380578640421,249.02752103629328,-1.9967306623190826,0.8103403216849553,6.712804917940351,1.4949889482826664,3.285079848672946,27.469600888139848,,2768,94.71449445833326
