,MAE,RMSE,NSE,alpha,beta,HFV,HFV10,LFV,FDC,training_length_days,training_time_minutes
0,405.8388976900778,1469.7854948488452,-3879681.9622777295,1893.430657182714,507.59668488202493,2357.0806255009543,1011.1190741377872,3.6194223381496116,9.246574842404973,3530,351.7400801559835
