,MAE,RMSE,NSE,alpha,beta,HFV,HFV10,LFV,FDC,training_length_days,training_time_minutes
0,0.7115040766138907,0.9005097427483048,0.08019550811720455,0.9049876273983606,1.8087603626166187,0.9217665645278158,1.2197954004182632,3.576479637201699,7.107142134450024,3530,185.9930216083332
