,MAE,RMSE,NSE,alpha,beta,HFV,HFV10,LFV,FDC,training_length_days,training_time_minutes
0,0.5480301324959015,0.7771499931791451,0.3149403482648352,0.9423446844714907,1.4897995796126347,0.9286173235007152,1.1626220688464584,2.4516465073300804,3.7863841759213135,3530,204.55928992500023
