,MAE,RMSE,NSE,alpha,beta,HFV,HFV10,LFV,FDC,r2,training_length_days,training_time_minutes
0,0.30433716309774583,0.4157576655421543,-0.13189089192458647,0.8915905283892178,0.9995240442441312,-14.051461729046236,-12.931428854866581,-4.632769097978792,22.575777647692505,0.26741984980220457,291,1.8427530866664408
