,MAE,RMSE,NSE,alpha,beta,HFV,HFV10,LFV,FDC,training_length_days,training_time_minutes
0,1053.1078902813897,1331.2779160971022,-0.17364300026954727,0.4733873239656338,1.8988347198774354,0.5679328267749606,0.864992597127731,7.311441701454849,27.559825131110966,2675,45.42053943468333
