,MAE,RMSE,NSE,alpha,beta,HFV,HFV10,LFV,FDC,training_length_days,training_time_minutes
0,16.43230997850006,52.05550863235077,-0.11067537218469403,1.404808492026661e-19,0.0027310283085477467,0.00022095154400673513,0.0007583143371225607,0.01106754052687394,0.029400297164293876,3052,19.74717179556666
