,MAE,RMSE,NSE,alpha,beta,HFV,HFV10,LFV,FDC,r2,training_length_days,training_time_minutes
0,1.260575099992017,2.208871545589697,-0.1900493192221535,0.1704717875428753,0.2557830269912536,-85.93268502119821,-82.3112475199345,-78.37737699331863,-43.235677527399226,0.0020074188417404937,460,30.201793010000014
