,MAE,RMSE,NSE,alpha,beta,HFV,HFV10,LFV,FDC,training_length_days,training_time_minutes
0,0.09397891140473129,0.14345378209840023,-0.001988751981446102,0.9912899518697065,0.6730845608946996,0.8925865635582747,0.9556686391343042,0.31218953155429285,0.045758362763187,4683,72.57738995666635
