,MAE,RMSE,NSE,alpha,beta,HFV,HFV10,LFV,FDC,training_length_days,training_time_minutes
0,102.32070004568708,170.0639240319482,0.027717276531760926,0.9980827205986155,2.079694603981268,1.0753445024087467,1.5932825861053541,4.08839600783737,23.988777063379917,3530,449.40824504333335
