,MAE,RMSE,NSE,alpha,beta,HFV,HFV10,LFV,FDC,r2,training_length_days,training_time_minutes
0,0.27054648395624586,0.42826264043641743,0.2708829785236716,0.9142682746783936,1.239503840175738,-28.280327001248757,0.5571861571245174,18.40812689449469,3.657396340166029,0.2763561186386092,287,14.711632233333269
