,MAE,RMSE,NSE,alpha,beta,HFV,HFV10,LFV,FDC,training_length_days,training_time_minutes
0,1.320249211946644,1.5913172792193628,-21.17268683592517,2.8792899094306725,8.86971544097306,3.16209998754353,6.253156998185787,14.192506078147765,-24.431237124042077,1782,111.7684430195334
