,MAE,RMSE,NSE,alpha,beta,HFV,HFV10,LFV,FDC,training_length_days,training_time_minutes
0,1.0527313049141787,1.3690931334460383,0.293423444433336,1.0270468640191646,1.4911603010477923,0.9787900971910197,1.2684144524032628,1.8125916183030066,4.0675946875527655,4128,192.54525304855002
