,MAE,RMSE,NSE,alpha,beta,HFV,HFV10,LFV,FDC,r2,training_length_days,training_time_minutes
0,0.8845056628240282,1.1098034538624606,-1.531334556803439,0.9386684971578961,1.004206940693489,-9.879298897908606,-0.2848550409192311,4.508688753629873,-59.04174861434718,0.0031816993686935024,741,92.56819767499982
