,MAE,RMSE,NSE,alpha,beta,HFV,HFV10,LFV,FDC,training_length_days,training_time_minutes
0,0.4505426710841997,0.48170921948336,-0.46503154339261243,5.579287676074501e-16,1.5309981285055592,0.4802065479921625,0.6362386828122698,2.8974281722351116,3.9154119196198516,4058,10.392826821550262
