,MAE,RMSE,NSE,alpha,beta,HFV,HFV10,LFV,FDC,r2,training_length_days,training_time_minutes
0,0.8188694408790189,1.0740192403907631,-0.5085313683809252,0.5916795963506359,0.8541875307253518,-54.4524915701553,-35.1482932774468,-21.424895514442383,-20.70819397089222,0.06549869936957697,365,11.667755278333305
