,MAE,RMSE,NSE,alpha,beta,HFV,HFV10,LFV,FDC,training_length_days,training_time_minutes
0,30540.596235828736,98594.13305752655,-386470926072.43713,591094.5394831598,54723.68823796578,283836.7398648608,216183.50338162202,-1.607496403737351,-4.964067959189956,657,8.79237342666667
