,MAE,RMSE,NSE,alpha,beta,HFV,HFV10,LFV,FDC,training_length_days,training_time_minutes
0,421.73065136699967,495.7032141733808,-4.10912816314726,0.5664536839344697,0.20066389119574646,0.4744214755987121,0.3555984539617587,0.09847397631204009,0.0005911150442338168,4782,326.679189105
