,MAE,RMSE,NSE,alpha,beta,HFV,HFV10,LFV,FDC,training_length_days,training_time_minutes
0,0.2993997692877572,0.4088004040839507,0.4353250330630166,1.029633956039842,1.409691202489015,1.0242630006399873,1.2153282239410692,1.8562509919289663,4.574165242400637,2413,200.74487145071666
