,MAE,RMSE,NSE,alpha,beta,HFV,HFV10,LFV,FDC,training_length_days,training_time_minutes
0,5.209288023998753,6.137225283124454,-0.14243447773307127,3.0936686587058153e-16,0.7217133365751548,0.297319564404688,0.3544444708933151,1.5340767878226242,5.453736323761643,3797,37.380033883350066
