,MAE,RMSE,NSE,alpha,beta,HFV,HFV10,LFV,FDC,training_length_days,training_time_minutes
0,0.9489937169318658,1.1122142619377604,-15.352992676621824,1.6252179543052283,-1.2150715266780119,0.16371706139509573,-0.05537464804526727,-2.1163999616920175,-8.329004969086402,1982,61.06591614666674
