,MAE,RMSE,NSE,alpha,beta,HFV,HFV10,LFV,FDC,training_length_days,training_time_minutes
0,4070.657341320346,4783.458191164069,-4.206459203143093,1.255293746852394,5.9220350997461635,1.5830902690442181,3.6211879703858467,10.840393598167841,11.863825507456013,4390,206.1712837997664
