,MAE,RMSE,NSE,alpha,beta,HFV,HFV10,LFV,FDC,r2,training_length_days,training_time_minutes
0,0.3593686259038816,0.47223656288451343,0.6655787553703052,1.0632223019303693,1.0339342028826555,-4.787249510577062,-6.46629321067287,7.869370316334992,77.58341457162153,0.07695745880938953,287,21.62371904000029
