,MAE,RMSE,NSE,alpha,beta,HFV,HFV10,LFV,FDC,training_length_days,training_time_minutes
0,0.5398787376023737,0.7414501965932967,0.22223556318777116,0.7711214792282189,0.5428241937524279,0.6453469264385256,0.7478630807587936,0.24027866103052584,0.034548216054248355,3874,548.1560552149997
