,MAE,RMSE,NSE,alpha,beta,HFV,HFV10,LFV,FDC,r2,training_length_days,training_time_minutes
0,0.42898298501119064,0.6133771320767984,-0.34362619145380613,1.0360824936499442,1.3100934921060403,-11.563887313452176,5.355286501994469,24.540583000284087,12.743868485888239,0.2227706208649668,425,4.683855949999997
