,MAE,RMSE,NSE,alpha,beta,HFV,HFV10,LFV,FDC,training_length_days,training_time_minutes
0,0.9340925831046643,1.3618240437479068,-0.6351887970179158,0.2920204720810986,0.2878253109468301,0.18961623635855243,0.27694358732534125,0.24463321408492295,0.07125098396062325,3056,68.41022204353334
