,MAE,RMSE,NSE,alpha,beta,HFV,HFV10,LFV,FDC,training_length_days,training_time_minutes
0,0.6622087973102542,0.9004537620214202,0.2716781728610046,0.9529213985562088,1.1739028022705613,0.7867319191152413,1.0209643228252097,1.392398822864047,-8.756994780189105,2586,397.31943976166656
