,MAE,RMSE,NSE,alpha,beta,HFV,HFV10,LFV,FDC,training_length_days,training_time_minutes
0,4.901126233565931,6.318000241383401,-29.187080156876615,4.486061941824725,5.371907282256165,2.487135311542274,4.772465458188211,1.1954948770842257,-30.071792069836157,2266,220.53565153000042
