,MAE,RMSE,NSE,alpha,beta,HFV,HFV10,LFV,FDC,training_length_days,training_time_minutes
0,3.8896818931738504,4.93855032900635,-0.12237544161952152,0.0,0.7298226366076189,0.2619992707421647,0.36211323750428653,0.9728415562498604,,5064,8.414571958333545
