,MAE,RMSE,NSE,alpha,beta,HFV,HFV10,LFV,FDC,r2,training_length_days,training_time_minutes
0,0.16361102857843599,0.24381533514240664,0.12196993395024058,0.9433519505081416,1.01491950215656,-5.726501787757898,-3.4083371875574504,-0.3472546990270086,-5.271463002629881,0.20732533181130708,342,3.8480839166668983
