,MAE,RMSE,NSE,alpha,beta,HFV,HFV10,LFV,FDC,training_length_days,training_time_minutes
0,0.26533476597856664,0.46715755640178724,-0.19666582551429856,1.2252727355342765,1.4766771847349633,1.1802874696258356,1.592688802367169,1.0239983394514756,0.41995075033116414,4316,145.75680816959988
