,MAE,RMSE,NSE,alpha,beta,HFV,HFV10,LFV,FDC,r2,training_length_days,training_time_minutes
0,0.5918585884664066,0.7076417948101669,-0.9566218500798636,0.8119169176176982,1.3561416092815695,-17.30457949819597,-3.9859840293321716,8.87425079398017,-50.49819895090544,0.10315405458658711,474,74.63495563999992
