,MAE,RMSE,NSE,alpha,beta,HFV,HFV10,LFV,FDC,training_length_days,training_time_minutes
0,11.026684554413023,29.203928758664944,-0.013055080611774628,6.122171081408709e-17,1.4690976447989035,0.11351881916373996,0.3791909356243494,12.084343936546869,-411.7157619804681,5103,35.655511323249996
