,MAE,RMSE,NSE,alpha,beta,HFV,HFV10,LFV,FDC,training_length_days,training_time_minutes
0,211.93880061437454,283.8418371959918,-3.0665197943130025,1.3567467252995833,1.6670438451162666,1.7675769131241332,1.6630785220085131,1.6993391162705382,-32.436009105485695,1704,201.05912285496646
