,MAE,RMSE,NSE,alpha,beta,HFV,HFV10,LFV,FDC,training_length_days,training_time_minutes
0,0.5544264207408226,0.7782095922498193,0.14320431400639821,0.6282098531007364,0.49280915915601253,0.5260177452025047,0.6309297821639834,0.2689914792650412,0.06708740894478737,3874,366.63156926166704
