,MAE,RMSE,NSE,alpha,beta,HFV,HFV10,LFV,FDC,training_length_days,training_time_minutes
0,1.0885967306502802,1.525311634734633,-0.664245927533544,0.8989984117255849,1.8507321643456256,0.940506026194062,1.4075738214843263,2.2154843145088807,1.7778910350847628,2390,50.910020349866436
