,MAE,RMSE,NSE,alpha,beta,HFV,HFV10,LFV,FDC,training_length_days,training_time_minutes
0,7.526272694420885,12.698300506503134,-1.3014475030011816,1.6618738465550482,2.255017915279939,1.3549214930694577,2.1113065324659748,1.9542837395838593,0.5492451128996404,2265,56.75522416000022
