,MAE,RMSE,NSE,alpha,beta,HFV,HFV10,LFV,FDC,training_length_days,training_time_minutes
0,0.9878188651794374,1.470500783734174,-0.08940009177362551,2.3640678016123416e-16,0.6882513101031256,0.1589000618112195,0.2609897139348037,1.8127438314270414,104.62047489295335,4385,128.37124839318372
