,MAE,RMSE,NSE,alpha,beta,HFV,HFV10,LFV,FDC,training_length_days,training_time_minutes
0,0.5185980707395499,0.6492091431975444,-0.1919820582907339,0.0,1.463636181577344,0.3253326141675656,0.5757553795325864,3.2330095163878667,43.00169014084517,699,0.2617626366666627
