,MAE,RMSE,NSE,alpha,beta,HFV,HFV10,LFV,FDC,r2,training_length_days,training_time_minutes
0,0.09338579035668014,0.12681849609610166,0.47264304451017336,0.9449318399518786,0.9850975629371738,-11.927721859179192,1.5108155705653459,-0.8819110182370774,3.8631519502257157,0.24084010364254982,342,2.2787159233329777
