,MAE,RMSE,NSE,alpha,beta,HFV,HFV10,LFV,FDC,training_length_days,training_time_minutes
0,1.682649885065505,1.8914930462475126,-0.8132402450293705,0.7782829166692112,1.8706611183751825,0.9760188392860644,1.275539743549854,2.8438376268483183,5.453939584829296,4077,219.73932791833357
