,MAE,RMSE,NSE,alpha,beta,HFV,HFV10,LFV,FDC,r2,training_length_days,training_time_minutes
0,2.2876177807833544,3.1183904900395576,-37.01416745938691,3.9318784432865117,-1.409229931283939,-29.76944608309438,-19.668066614940667,-34.0448922458519,,0.0026822389280486414,450,2.2364140400000907
