,MAE,RMSE,NSE,alpha,beta,HFV,HFV10,LFV,FDC,training_length_days,training_time_minutes
0,156.9325528448824,198.20347529043323,-0.01081936971095665,1.4417026864944776e-16,1.1493017704029447,0.20740895790562247,0.3742748023713624,4.208389374042362,-34.7587638666848,2462,8.208817659999962
