,MAE,RMSE,NSE,alpha,beta,HFV,HFV10,LFV,FDC,training_length_days,training_time_minutes
0,2.421322023027292,3.459356349870693,-1.1338057857800363,0.12894752399196746,0.30691117746384317,0.19685850846478772,0.2081977062144294,0.47915135742844567,0.7223855471805922,4131,319.1768726749996
