,MAE,RMSE,NSE,alpha,beta,HFV,HFV10,LFV,FDC,training_length_days,training_time_minutes
0,0.3110167389283319,0.6370436102045566,-1.2252789528045445,1.528103534374575,1.643883829524954,1.6762064553333205,1.6663721820072634,1.4507162349002687,1.0624688304123902,4316,142.68619408635035
