,MAE,RMSE,NSE,alpha,beta,HFV,HFV10,LFV,FDC,training_length_days,training_time_minutes
0,0.8594577100115073,1.1422266170469748,-0.03211802780390527,0.0,1.225509340990338,0.23285096271021183,0.40553296139183553,4.347806025930886,-113.72304889158013,2406,5.883525551666662
