,MAE,RMSE,NSE,alpha,beta,HFV,HFV10,LFV,FDC,training_length_days,training_time_minutes
0,0.7813338257060097,1.212511805802467,-0.5591472314017889,1.4501926637402016,1.2199191959108644,1.4178812907124334,1.3678633163268796,1.0312050663870296,0.9497447530149767,4444,408.03904934981693
