,MAE,RMSE,NSE,alpha,beta,HFV,HFV10,LFV,FDC,training_length_days,training_time_minutes
0,1.9464803823824808,2.5382483765162314,-0.09735647384129198,1.8327784473791505e-16,0.8330506190848211,0.35325504926837403,0.4603474728720595,1.2657292472664832,2.9053732665697316,2210,52.082731173333016
