,MAE,RMSE,NSE,alpha,beta,HFV,HFV10,LFV,FDC,training_length_days,training_time_minutes
0,0.24148528503461503,0.3842589763991107,0.03779038906965271,1.288613776115332,1.31373778140703,1.2915475193634476,1.375695367430826,1.2352648596162674,1.1525657730231142,4119,77.29574400281611
