,MAE,RMSE,NSE,alpha,beta,HFV,HFV10,LFV,FDC,training_length_days,training_time_minutes
0,327.30019126867336,403.3394477432349,-4.469020811838875,2.035196145875694,4.051207021133003,1.5866360637494457,2.8470529901404156,7.09093367876951,-454.56879648412536,3530,216.83090437000016
