,MAE,RMSE,NSE,alpha,beta,HFV,HFV10,LFV,FDC,training_length_days,training_time_minutes
0,0.31944909514861236,0.5899025647047184,0.5093706121207797,1.0257965463892609,0.86081551336986,1.0385808590499461,1.151217850655404,0.2493792783476614,0.030987997240405844,3392,455.7009632270999
