,MAE,RMSE,NSE,alpha,beta,HFV,HFV10,LFV,FDC,r2,training_length_days,training_time_minutes
0,0.8896394501626655,0.9771792263443103,-17.96441580365758,1.597605855886505,-2.1076033562747796,-85.07795140830707,-87.14484711752223,-121.56297493686492,,0.0014147001905872036,448,4.779490223333414
