,MAE,RMSE,NSE,alpha,beta,HFV,HFV10,LFV,FDC,r2,training_length_days,training_time_minutes
0,0.9325921745490448,1.2757606312870815,0.4107066801131549,0.9926812379946353,1.010129564536502,-15.94715725027971,-0.7825086068623545,5.306853782344025,93.83536630064482,0.39675867142213994,429,20.572092721666557
