,MAE,RMSE,NSE,alpha,beta,HFV,HFV10,LFV,FDC,r2,training_length_days,training_time_minutes
0,0.386543601291827,0.5063647286627155,0.3126660707775566,0.8028098722394454,1.2412107415525955,-2.9623871324092366,5.12232082497548,2.5063666738105694,-69.51784592063733,0.0020657428034781544,567,2.9235876550000586
