,MAE,RMSE,NSE,alpha,beta,HFV,HFV10,LFV,FDC,r2,training_length_days,training_time_minutes
0,0.4571252291948765,0.9038068651737866,0.15000494816940646,0.8564706928014536,1.6337480703766802,-30.26535933039667,6.321625179738252,57.03935383628656,85.48509587805366,0.13343063178833225,187,1.0047152383335438
