,MAE,RMSE,NSE,alpha,beta,HFV,HFV10,LFV,FDC,training_length_days,training_time_minutes
0,49.276529837611484,72.98631308417632,-1.4745751625391716,1.4206695730996648,2.646384312193154,1.6404562678750731,2.3058175442943796,3.153721473050245,2.5745533212483536,4119,75.4815027532837
