,MAE,RMSE,NSE,alpha,beta,HFV,HFV10,LFV,FDC,training_length_days,training_time_minutes
0,6.907951956489259,9.879917001461774,-0.3932096193487693,1.24432606684247,2.227997660391054,1.0807953225065128,1.7163900436948838,3.4039897378623754,1.9688302312113102,2265,35.80308419666641
