,MAE,RMSE,NSE,alpha,beta,HFV,HFV10,LFV,FDC,training_length_days,training_time_minutes
0,32.12852296516646,76.16306569110263,0.5377841731668969,0.870416894201746,1.524449455468257,1.27176145058545,1.5861676697746538,1.5301905069894532,,1670,79.19190197499896
