,MAE,RMSE,NSE,alpha,beta,HFV,HFV10,LFV,FDC,training_length_days,training_time_minutes
0,1550.4520803747737,1747.0130841044095,-35.89772603449426,3.106544937997642,13.05849387884682,2.4996654443142146,6.350179649490818,45.717204031131416,-3.8985341818331563,2323,109.58001970594997
