,MAE,RMSE,NSE,alpha,beta,HFV,HFV10,LFV,FDC,training_length_days,training_time_minutes
0,1.174739375047084,2.1827570245591663,-13.793429986016442,4.287968539761862,1.9607733891646162,3.8460176590551898,3.744153969872549,0.4928520959886793,0.11347411922566553,3015,145.01035928006664
