,MAE,RMSE,NSE,alpha,beta,HFV,HFV10,LFV,FDC,training_length_days,training_time_minutes
0,66.5405797398985,80.42366273302873,-0.07727341685011191,0.16562350766589937,1.1856424213571828,0.8089382866134428,0.8462396444543445,1.5764189452095636,2.3762517102989182,2764,29.497262771066744
