,MAE,RMSE,NSE,alpha,beta,HFV,HFV10,LFV,FDC,training_length_days,training_time_minutes
0,230.80314490381502,471.7703502828489,-0.13445661336803294,0.0,0.38225192491395216,0.05402149476859449,0.1160435959862568,1.764734666092503,-12.608338837412575,4385,131.2273383276668
