,MAE,RMSE,NSE,alpha,beta,HFV,HFV10,LFV,FDC,training_length_days,training_time_minutes
0,0.33373446071134066,0.41003905142021274,0.5075055299221599,1.058950285962409,1.2695076282339592,1.112298794077309,1.205237857616053,1.5010316314943757,2.7172744758565814,4022,170.9996416739838
