,MAE,RMSE,NSE,alpha,beta,HFV,HFV10,LFV,FDC,training_length_days,training_time_minutes
0,44.53578028591395,80.98238691077549,-64.22260348245968,6.801262955799092,106.69393089293278,31.16268489558301,81.32632554707499,inf,-inf,4620,42.09786761108359
