,MAE,RMSE,NSE,alpha,beta,HFV,HFV10,LFV,FDC,training_length_days,training_time_minutes
0,98.06099591552102,161.71752795188945,-0.3688637038256217,2.5702964605460142e-17,0.22304917586808365,0.04274933481325496,0.07312666879942151,0.9459010539832822,inf,2273,77.35070257166667
