,MAE,RMSE,NSE,alpha,beta,HFV,HFV10,LFV,FDC,training_length_days,training_time_minutes
0,0.48406217312182187,0.8577780618625643,0.42153240018336524,0.7818549756697882,0.9107535736130502,0.7998465500889268,0.9722759505831191,0.707128575435422,0.26942251400785167,2301,106.46339194500082
