,MAE,RMSE,NSE,alpha,beta,HFV,HFV10,LFV,FDC,training_length_days,training_time_minutes
0,23.398090936943433,29.09780399872159,0.32430193696439713,1.1321466737639507,1.7289194165376547,0.9689308213942863,1.292301869926566,2.8681157818583296,39.90810999866556,4246,1158.7258698366666
