,MAE,RMSE,NSE,alpha,beta,HFV,HFV10,LFV,FDC,training_length_days,training_time_minutes
0,766.9814272897339,1068.596426045584,-4.845729788183206e-05,0.0,0.9882699813958182,0.14674399501957527,0.2511748647472471,10.117268304604712,26.573418626390744,3875,73.58470158755033
