,MAE,RMSE,NSE,alpha,beta,HFV,HFV10,LFV,FDC,training_length_days,training_time_minutes
0,33.27348922984918,44.63887812918516,-0.5902257745375175,0.8836893572168039,-0.004760960803120683,0.4955753434477278,0.5251227894516352,-2.3730574585641957,-489.6308960323429,4246,3941.588470538334
