,MAE,RMSE,NSE,alpha,beta,HFV,HFV10,LFV,FDC,r2,training_length_days,training_time_minutes
0,0.27938473673419795,0.6097687027345382,0.5434965508273268,0.6935068613589173,0.93024713562113,-43.75793373210134,-25.098704985200797,-11.526176664843577,-2.3164681111199568,0.14820783268347626,434,33.24640013666697
