,MAE,RMSE,NSE,alpha,beta,HFV,HFV10,LFV,FDC,training_length_days,training_time_minutes
0,1.2944472325745544,1.8507588561281916,-0.45172093620423137,0.7131774886258812,0.9708130429755322,0.5742462482174623,0.8189690770509102,1.029232959616157,0.576132857611657,2217,212.15957972666675
