,MAE,RMSE,NSE,alpha,beta,HFV,HFV10,LFV,FDC,training_length_days,training_time_minutes
0,0.8478942844161997,1.0035597041233733,-0.9562164214860756,0.6135040053702211,1.6687118475015021,1.0129140857855605,1.04541092785496,2.7026762541404086,6.760063710732711,2462,29.69118019333352
