,MAE,RMSE,NSE,alpha,beta,HFV,HFV10,LFV,FDC,training_length_days,training_time_minutes
0,1.8938856056069162,9.233251139278934,0.06267538132367256,0.27647585624081905,0.5061207104596046,0.4939222578232089,0.6849815668518863,0.09141250763617774,-0.0012047584160002206,4683,105.77598438999993
