,MAE,RMSE,NSE,alpha,beta,HFV,HFV10,LFV,FDC,training_length_days,training_time_minutes
0,2.0213155172336115,2.640353338065934,0.3297435614414329,0.7735160207422139,1.1216190050355601,0.7251961237723437,0.898138487960332,1.1532885878724313,0.7838943350755786,3055,118.26141055948344
