,MAE,RMSE,NSE,alpha,beta,HFV,HFV10,LFV,FDC,training_length_days,training_time_minutes
0,0.6876496385425098,0.9555911594704627,-0.6967080229797025,0.7875522772478901,0.7581626128020318,0.7014588135021448,0.7669912793647896,0.7293666677234437,0.6709531202960449,2537,47.62252836166687
