,MAE,RMSE,NSE,alpha,beta,HFV,HFV10,LFV,FDC,training_length_days,training_time_minutes
0,0.3722467556342228,0.4382031232536554,-1.4891197797534441,1.339383369225803,2.436272654938623,1.267400947188522,1.638394681248956,3.6074490706277675,2.9779424650838693,2203,356.8490066616665
