,MAE,RMSE,NSE,alpha,beta,HFV,HFV10,LFV,FDC,training_length_days,training_time_minutes
0,42.43974187215853,108.50140067231956,-0.036877824805019,1.045986260929898,2.137730705170437,1.1174943637566448,1.926715045678063,2.379968169675815,-1.5450980770736042,2405,110.78106592333327
