,MAE,RMSE,NSE,alpha,beta,HFV,HFV10,LFV,FDC,training_length_days,training_time_minutes
0,1254.485686577157,2237.758990001845,-0.40248677692796364,0.04302982437999753,0.14187011104650335,0.044432986117672255,0.08016394606373432,0.32736156955871953,1.1706784413264748,4053,58.20495420408358
