,MAE,RMSE,NSE,alpha,beta,HFV,HFV10,LFV,FDC,r2,training_length_days,training_time_minutes
0,0.38093010531204635,0.5222557928988885,0.6223736791778806,0.9024919963259219,1.2081488868541665,9.537231637970937,3.95271774868968,-2.341000073730066,-38.59937608035315,0.21077819795567843,179,0.9861346300002576
