,MAE,RMSE,NSE,alpha,beta,HFV,HFV10,LFV,FDC,training_length_days,training_time_minutes
0,0.1227203740708539,0.1856255949151474,0.2798290277924145,0.6264702501052951,0.29254430553662314,0.577831647100375,0.545164250399931,-0.059598580922252495,-1.3645167370341271,1213,60.87512702166666
