,MAE,RMSE,NSE,alpha,beta,HFV,HFV10,LFV,FDC,training_length_days,training_time_minutes
0,21.901138818220748,38.48815094718821,-0.7595620743043636,1.1523755816500305,3.74985353350945,1.490673206343565,2.9081890427822095,9.312279299548736,-38.326884688305746,5103,111.84445172243335
