,MAE,RMSE,NSE,alpha,beta,HFV,HFV10,LFV,FDC,r2,training_length_days,training_time_minutes
0,0.30575011977369604,0.41484262511892755,-0.12691402081564185,0.9074388792733755,0.9747028692588561,-13.910430798289589,-12.495471554907548,-5.279430248951443,26.821139545012272,0.2707124935021664,291,1.8914689949999834
