,MAE,RMSE,NSE,alpha,beta,HFV,HFV10,LFV,FDC,training_length_days,training_time_minutes
0,1.0109237453579099,1.353455249424959,-2.1359881976721855,1.3241122375132697,2.316653297856542,1.4651724369560442,1.7507830957123773,3.706796651968342,6.86148766533571,2232,70.80434752333386
