,MAE,RMSE,NSE,alpha,beta,HFV,HFV10,LFV,FDC,training_length_days,training_time_minutes
0,494.84580708308533,844.8283697817826,-1.3701492231238044,1.3512479921922191,3.1932625556378773,1.8217584136715148,2.6973944849378517,4.19929292880189,2.0935688846171097,4101,99.93229420783334
