,MAE,RMSE,NSE,alpha,beta,HFV,HFV10,LFV,FDC,training_length_days,training_time_minutes
0,8.333935540163587,9.120588161058395,-2.0063343357060917,0.8422081109315851,0.9864477947238225,0.9706539395685528,0.9855020984721004,1.0202252073872649,1.1986285544055886,4069,75.17941328300027
