,MAE,RMSE,NSE,alpha,beta,HFV,HFV10,LFV,FDC,training_length_days,training_time_minutes
0,352.70945784176206,505.07531989628006,0.7765883043906476,0.8885139841251178,1.356944978756299,0.8211621237978454,1.0268625976048191,4.249934821269166,4.4302891567332265,3875,266.13845681758295
