,MAE,RMSE,NSE,alpha,beta,HFV,HFV10,LFV,FDC,training_length_days,training_time_minutes
0,524.5960827305476,579.8207788609083,-7.65044750897604,0.9379769758312737,4.628533010233736,1.2071849896630724,2.078035997425634,14.498343323173751,-60.882166108092186,2462,25.409889016666664
