,MAE,RMSE,NSE,alpha,beta,HFV,HFV10,LFV,FDC,r2,training_length_days,training_time_minutes
0,1.2588063176706774,1.5277838364515037,0.6288825378726336,0.920469012588751,1.2223397782533925,2.1142167495131683,1.1265299090403642,5.170046959508939,-524.108788708041,0.11958966999044274,328,28.89786756666678
