,MAE,RMSE,NSE,alpha,beta,HFV,HFV10,LFV,FDC,r2,training_length_days,training_time_minutes
0,0.4556729356572172,0.6892010418679022,0.5670565575056241,0.9189787190798332,0.9702092506436168,-24.322424688814895,-8.209671155546378,4.242133841132863,97.41190243200327,0.18535958453989942,222,12.685880188333249
