,MAE,RMSE,NSE,alpha,beta,HFV,HFV10,LFV,FDC,training_length_days,training_time_minutes
0,0.5133518207362593,0.7240191069539771,0.27337163534494957,0.8584678674147939,1.537475213633851,0.9426423813783552,1.164878402650006,2.2488414958517757,-0.9068673693778073,2715,101.83919962333324
