,MAE,RMSE,NSE,alpha,beta,HFV,HFV10,LFV,FDC,r2,training_length_days,training_time_minutes
0,1.047314819412487,1.3138129434342527,-2.0314333861624223,1.6264938885713218,1.2382658494341472,-6.626616281447407,9.710958833891778,48.594621117114606,,0.01757037867990152,341,33.86102712666664
