,MAE,RMSE,NSE,alpha,beta,HFV,HFV10,LFV,FDC,training_length_days,training_time_minutes
0,789.0360931640206,816.4174411310172,-18.07431060557695,1.198021115843265,12.398108560999583,1.5820556524842735,4.051029378116393,128.3140495934582,1586.6145779990677,3711,64.44922720888329
