,MAE,RMSE,NSE,alpha,beta,HFV,HFV10,LFV,FDC,training_length_days,training_time_minutes
0,24.1664794310085,44.11349399644859,0.17718520295442408,1.1192037101442378,1.168355247150414,1.2180886608076098,1.281652667358085,0.8592682329573077,1.926535465487516,2221,178.17080955333319
