,MAE,RMSE,NSE,alpha,beta,HFV,HFV10,LFV,FDC,training_length_days,training_time_minutes
0,637.3729502598537,672.8195410420041,-7.998337264777087,0.97755070178163,5.513778732052006,1.5646833523695143,2.3688938655649374,19.234157958452474,-133.27558511584195,2715,181.13332483333335
