,MAE,RMSE,NSE,alpha,beta,HFV,HFV10,LFV,FDC,training_length_days,training_time_minutes
0,0.1743028739924592,0.38652343086729135,0.3090828861362215,1.0030122234635503,1.040868895365756,1.2279022354134164,1.2360078666931518,0.6663512026674474,-1.9413011933653044,4415,530.3081412491335
