,MAE,RMSE,NSE,alpha,beta,HFV,HFV10,LFV,FDC,training_length_days,training_time_minutes
0,7.793446162657503,13.290005634666716,-0.4118752886376882,3.9704819367411316e-17,0.3090072447711341,0.06675067925067923,0.11106832456033193,0.785606631367813,1.931533945005067,2540,3.181703335000202
