,MAE,RMSE,NSE,alpha,beta,HFV,HFV10,LFV,FDC,training_length_days,training_time_minutes
0,0.42029671925525014,0.7069079608458192,0.29301555783248157,0.6202238058000961,0.6579850201625397,0.529552794931199,0.6911272998222332,0.5526899103949211,0.24623353915429733,3874,113.70331844000029
