,MAE,RMSE,NSE,alpha,beta,HFV,HFV10,LFV,FDC,training_length_days,training_time_minutes
0,276.0238763391531,351.9764747811079,-1.3863844584445242,0.8485001895972252,5.113530759293132,0.9515971493989202,2.241523511117441,82.96050419351145,398.25286482613495,2390,25.606778253383528
