,MAE,RMSE,NSE,alpha,beta,HFV,HFV10,LFV,FDC,r2,training_length_days,training_time_minutes
0,0.0735047629608241,0.13163889970984832,0.4847757146142947,0.9398151888651586,1.0083258223647267,-9.846476963840622,-5.562051691471676,1.4184352377836198,11.80254857394543,0.20894740509000487,227,1.208369979999649
