,MAE,RMSE,NSE,alpha,beta,HFV,HFV10,LFV,FDC,training_length_days,training_time_minutes
0,212.1631270971438,446.5291449768384,-0.1425949948268077,6.803721736176909e-17,0.45571378264197715,0.07234569109680627,0.16412324385811053,1.1597410722686943,3.0875637218635674,2900,52.920008230000285
