,MAE,RMSE,NSE,alpha,beta,HFV,HFV10,LFV,FDC,training_length_days,training_time_minutes
0,7.095891424558166,12.14881991576778,-1.1065805056772913,1.5403097664339425,2.207627002865459,1.2486840313996543,1.9867199807994078,2.147735591711429,0.9421232164562514,2265,57.18256009166556
