,MAE,RMSE,NSE,alpha,beta,HFV,HFV10,LFV,FDC,training_length_days,training_time_minutes
0,0.2631337655284133,0.4645360558212922,0.17456038860894496,0.9744956349159761,1.0301584652130005,0.8264131075614785,1.3231946184594958,0.36756246356171957,0.11569475535203223,659,4.311320686666659
