,MAE,RMSE,NSE,alpha,beta,HFV,HFV10,LFV,FDC,training_length_days,training_time_minutes
0,0.0649817592639645,0.13367824039899934,-0.04234984126025987,0.5655330894710316,0.47412967855668664,0.5462096983169443,0.6466438094596988,0.1231542061299338,0.02613185390974931,691,5.894461441666681
