,MAE,RMSE,NSE,alpha,beta,HFV,HFV10,LFV,FDC,training_length_days,training_time_minutes
0,319.93988346525947,944.767931480777,-0.09471247311191333,0.0,0.19163769742106102,0.016091005864718316,0.04961768544464628,1.5211455453623202,13.55261104272761,2648,11.150700938333467
