,MAE,RMSE,NSE,alpha,beta,HFV,HFV10,LFV,FDC,r2,training_length_days,training_time_minutes
0,1.504010439122462,1.9480352158988277,0.6060258337936107,1.0344805546510554,1.1672775405989548,-5.489954848238837,-3.1515913119631,13.015973906202362,-198.41842701893864,0.16404788766246148,446,42.11401709999991
