,MAE,RMSE,NSE,alpha,beta,HFV,HFV10,LFV,FDC,training_length_days,training_time_minutes
0,1.3635666806572564,1.7676524127975555,0.4678020017550425,0.3702186459964782,0.9594240067843559,0.5890947609001466,0.6889014964873806,1.2480877414702063,2.4414549026825534,2210,166.22169621833407
