,MAE,RMSE,NSE,alpha,beta,HFV,HFV10,LFV,FDC,training_length_days,training_time_minutes
0,2023.897887903998,2063.3235759353424,-109.4316980703299,2.156601941594873,31.407504906510102,4.015839017890795,10.125943176207489,181.41717739860968,1206.229397646806,2240,41.37946615666672
