,MAE,RMSE,NSE,alpha,beta,HFV,HFV10,LFV,FDC,training_length_days,training_time_minutes
0,0.43124606723971065,0.5739930487265976,-0.4216607711879623,0.9151754394332019,1.2439105550547742,0.9152796726897728,1.0459886478979423,1.587728723149908,1.876541072059256,1704,88.83502313113325
