,MAE,RMSE,NSE,alpha,beta,HFV,HFV10,LFV,FDC,training_length_days,training_time_minutes
0,35.29036261550791,59.76444606787639,0.1679923173313994,1.310731512357296,1.3119684997906782,1.2622108821366227,1.5077975418163807,0.6640767745539025,0.07626193872783431,3041,91.47937910051745
