,MAE,RMSE,NSE,alpha,beta,HFV,HFV10,LFV,FDC,training_length_days,training_time_minutes
0,1.2958434666484637,1.5336222052029902,-0.2589050058388993,0.26235164413791284,1.0595561845337584,0.923170041839604,0.9668145466351198,1.1125552668317018,1.1652743902530185,2698,11.055485759999526
