,MAE,RMSE,NSE,alpha,beta,HFV,HFV10,LFV,FDC,training_length_days,training_time_minutes
0,0.7421707230319967,0.9634190926794524,-38.796689548756234,4.057695658637633,1.828975336889732,2.054606691160842,2.3773605854341793,1.828975336889732,,4633,26.28608219716698
