,MAE,RMSE,NSE,alpha,beta,HFV,HFV10,LFV,FDC,training_length_days,training_time_minutes
0,0.7334993268062596,1.2942319757420302,0.08221368844461063,0.6773143879245477,0.6960691204192475,0.6148284537545897,0.7826528655664441,0.612478712318746,0.08613990792042595,3683,121.73734376616667
