,MAE,RMSE,NSE,alpha,beta,HFV,HFV10,LFV,FDC,training_length_days,training_time_minutes
0,0.8028532263145319,1.153228033162173,-0.4829230424772024,1.2900445710492385,1.417458220252629,1.0591938261994138,1.4120341221875878,1.2987792257928537,1.0487940835785203,4322,422.63436017071655
