,MAE,RMSE,NSE,alpha,beta,HFV,HFV10,LFV,FDC,r2,training_length_days,training_time_minutes
0,0.7959786864978313,1.207144509538001,0.4260655350393,0.9442152543882818,1.045012013003019,-18.145581044019416,-0.7993978470911982,9.525155487460845,91.83839469997463,0.29421312790455256,4322,422.63436017071655
