,MAE,RMSE,NSE,alpha,beta,HFV,HFV10,LFV,FDC,r2,training_length_days,training_time_minutes
0,1.0785092674179004,1.2183367232508568,-1.5266604393103047,1.0425193996127282,1.6938532985430426,5.273532548273176,14.435182564421513,32.60669252773934,-64.89661009717963,0.023938157020257367,534,6.158235631666806
