,MAE,RMSE,NSE,alpha,beta,HFV,HFV10,LFV,FDC,training_length_days,training_time_minutes
0,110.51995697689341,202.59448331919552,-0.16394897391334684,1.4228740639776734,1.206052768685845,1.414598802986221,1.3122383719245792,0.8553150589912157,0.5031138222055774,4016,230.1482495067001
