,MAE,RMSE,NSE,alpha,beta,HFV,HFV10,LFV,FDC,training_length_days,training_time_minutes
0,0.3480769661521768,0.5157451057298519,0.789576111365152,1.0394889600717487,1.2288549925574284,1.1012200473911589,1.0959842647798244,1.6974297266588274,-8.7063912966718,2406,48.979936158333324
