,MAE,RMSE,NSE,alpha,beta,HFV,HFV10,LFV,FDC,training_length_days,training_time_minutes
0,3.3024770795093423,4.3985450475143955,-53.71653048916659,5.327368824987537,-4.3776930940305245,0.786528956884639,0.8172373558104147,-17.189802943866454,-401.5072053278957,699,4.277091270000013
