,MAE,RMSE,NSE,alpha,beta,HFV,HFV10,LFV,FDC,training_length_days,training_time_minutes
0,19.72662855774728,23.15648772377777,-18.379249849735476,3.086479116198868,1.6568034510243779,2.146260556123167,2.1214625832302705,1.2506598623685188,0.8602889393065429,4069,115.4830796793501
