,MAE,RMSE,NSE,alpha,beta,HFV,HFV10,LFV,FDC,r2,training_length_days,training_time_minutes
0,0.14511906051313003,0.5046433541738825,0.30721250955552526,0.5878032555420392,1.0068634081419678,-22.158123447251604,-10.669581580092919,-1.886061669443065,-4.255846073390247,0.014612464532858471,448,20.935138536666695
