,MAE,RMSE,NSE,alpha,beta,HFV,HFV10,LFV,FDC,training_length_days,training_time_minutes
0,0.2907211656892969,0.42692837157098096,-0.5742112191300539,1.1795500327265238,0.8678667991026358,1.1066614750122403,1.086918306841262,0.6512789901848939,0.36316581201234144,3041,152.6300943722337
