,MAE,RMSE,NSE,alpha,beta,HFV,HFV10,LFV,FDC,r2,training_length_days,training_time_minutes
0,203165.10281587616,210557.4739576449,-7049022407.269635,22051.309328368086,-60182.261623174476,-98.7748091724832,-958289.1256611907,-2652917.256694732,,0.15564956124913898,328,34.10314560500022
