,MAE,RMSE,NSE,alpha,beta,HFV,HFV10,LFV,FDC,r2,training_length_days,training_time_minutes
0,0.49722282342116864,0.6062991759712104,0.5698846046906025,1.011448766152311,1.1331306403215364,-5.8406013109478,-0.35841647655142655,5.8346109380089315,10.721749393067737,0.08264306932590726,460,33.63729364833343
