,MAE,RMSE,NSE,alpha,beta,HFV,HFV10,LFV,FDC,training_length_days,training_time_minutes
0,0.8215674273980863,1.2667372435144217,0.3758121909724378,1.0402486444327144,1.026560129238976,0.9604626397921525,1.1842417835880963,0.7655244262117025,0.4943500303167953,4390,206.75915262829997
