,MAE,RMSE,NSE,alpha,beta,HFV,HFV10,LFV,FDC,training_length_days,training_time_minutes
0,605.5605041243325,925.658524836558,-0.3629498412035066,0.8620327213358766,1.1756649016172753,0.7413576544962256,1.0724826913640453,1.0646358904895443,0.5183750434545762,2217,86.79680896999999
