,MAE,RMSE,NSE,alpha,beta,HFV,HFV10,LFV,FDC,training_length_days,training_time_minutes
0,0.30588675087115086,0.5142710482467405,0.4966096082013811,1.0092300052299565,0.9456790644087142,1.0810728852102744,1.0818678749650719,0.7767279982685275,,1670,89.06511261833366
