,MAE,RMSE,NSE,alpha,beta,HFV,HFV10,LFV,FDC,training_length_days,training_time_minutes
0,0.06495088424939514,0.13366119307844054,-0.04208400683856284,0.5655363099876198,0.47477939807498604,0.5462876834428755,0.646891132319229,0.12453409978763919,0.02994467103562132,691,3.416205416666647
