,MAE,RMSE,NSE,alpha,beta,HFV,HFV10,LFV,FDC,training_length_days,training_time_minutes
0,11.003512702593333,23.00185267956965,-0.2686211022260574,0.6597927496428071,0.3709972658151754,1.1904274745102692,0.8625491377190994,0.010532385091993907,-0.003462593889186312,3357,96.11387664375009
