,MAE,RMSE,NSE,alpha,beta,HFV,HFV10,LFV,FDC,r2,training_length_days,training_time_minutes
0,15156.509667271126,24074.322939644302,-298470855.3299345,13422.153144050726,-6750.990566089055,-69.34713443825184,-80.7316394912757,-96.8609467277678,,0.16796545105803395,279,22.89623090999982
