,MAE,RMSE,NSE,alpha,beta,HFV,HFV10,LFV,FDC,r2,training_length_days,training_time_minutes
0,0.16558105078619878,0.260911051326279,0.17951505786275257,0.9112076766299778,0.9568595337966387,-25.152989454756714,-2.9938967849044222,5.328459596195528,25.932352539429857,0.07272388163467369,474,19.32366436666683
