,MAE,RMSE,NSE,alpha,beta,HFV,HFV10,LFV,FDC,training_length_days,training_time_minutes
0,0.549014303518928,0.6270086980945259,-0.02737877782014375,1.0873586435037939,0.8629650564863754,0.945168811947497,0.8837537344786603,0.8196012248426844,0.46931739851903403,4294,84.99207371631661
