,MAE,RMSE,NSE,alpha,beta,HFV,HFV10,LFV,FDC,r2,training_length_days,training_time_minutes
0,0.5325963286051371,0.6394598581252408,0.35343724329608683,0.9570138530345295,1.3354653188214471,1.8773385224192745,13.719815671656931,23.448146040574926,-200.4078869348942,0.04872774277372727,460,21.023762041666487
