,MAE,RMSE,NSE,alpha,beta,HFV,HFV10,LFV,FDC,training_length_days,training_time_minutes
0,1.1134337872021554,1.6838478110407828,-0.16604681133973265,0.9464765445597876,1.7198305359900654,0.9831072331506411,1.2214862983281116,3.0664795489389802,-1.3633991373846805,2323,213.44539289289995
