,MAE,RMSE,NSE,alpha,beta,HFV,HFV10,LFV,FDC,training_length_days,training_time_minutes
0,0.24736413978461327,0.3606898636274122,-0.03022912428057345,1.1846787343655212,1.1859023366035726,1.0984223452523099,1.2827481959680327,1.0531126205240162,0.3950724883115569,5103,123.4509350772833
