,MAE,RMSE,NSE,alpha,beta,HFV,HFV10,LFV,FDC,training_length_days,training_time_minutes
0,0.7515140115746033,1.8875764971053801,-18.256461411051927,4.747986369596723,1.6499444416113858,3.387916338115055,1.9613572385368963,1.6499444416113858,,2252,98.16506950333333
