,MAE,RMSE,NSE,alpha,beta,HFV,HFV10,LFV,FDC,training_length_days,training_time_minutes
0,920.3146369927296,941.9637852981035,-17.453981657004118,0.8983775574237887,14.561480425770894,1.8353129021705339,5.633448043110759,51.755991079371064,27.949746395251147,3683,79.20121130243334
