,MAE,RMSE,NSE,alpha,beta,HFV,HFV10,LFV,FDC,training_length_days,training_time_minutes
0,2.409888795316615,2.889085976305327,-0.6135186296931894,0.6465757812597815,2.269130938551727,0.8000156757821403,1.2820414447238506,5.242800055561359,18.35829062573319,2550,88.99078348081676
