,MAE,RMSE,NSE,alpha,beta,HFV,HFV10,LFV,FDC,training_length_days,training_time_minutes
0,1.8824418269243792,3.0047506158536397,-0.6421376227564362,5.631327520760653e-06,0.24049707866536713,0.07881951060651991,0.19642361668478783,0.24049707866536713,,5110,9.472717405000003
