,MAE,RMSE,NSE,alpha,beta,HFV,HFV10,LFV,FDC,training_length_days,training_time_minutes
0,61.9783256214699,133.87508353550885,-0.578542964429742,1.2900239048616595,3.0667624327574345,1.36032764420759,2.5772155743186094,5.93381456639728,0.1782283116076016,2405,182.74785881499992
