,MAE,RMSE,NSE,alpha,beta,HFV,HFV10,LFV,FDC,training_length_days,training_time_minutes
0,0.22690148957952336,0.3628587600900724,0.15514071502476745,1.2460353606062642,1.4413138694684493,1.000911555013354,1.4018737887295054,1.3110338634330532,-0.14074051947471,2265,165.03627185666508
