,MAE,RMSE,NSE,alpha,beta,HFV,HFV10,LFV,FDC,training_length_days,training_time_minutes
0,7881.722262989434,12254.745773026832,-269709928.69386005,12576.297882116965,9839.62643458597,6847.069601877951,9681.948175610356,2352.53164311603,8.301260808959125,3530,334.2394424005334
