,MAE,RMSE,NSE,alpha,beta,HFV,HFV10,LFV,FDC,training_length_days,training_time_minutes
0,0.2427396764326863,0.2755843236654332,0.04837300454431237,0.29325142294181206,0.9645692415829678,0.7224459439263039,0.7402484944347368,0.9645692415829676,,3309,126.35352738166694
