,MAE,RMSE,NSE,alpha,beta,HFV,HFV10,LFV,FDC,r2,training_length_days,training_time_minutes
0,10.733315373211617,11.984151118987022,-294.1698247678199,7.5300130872071,-4.792761325224756,-61.64841222111705,-77.23033193064714,-198.7829525504156,,0.0036661640376577376,741,73.37147075833346
