,MAE,RMSE,NSE,alpha,beta,HFV,HFV10,LFV,FDC,training_length_days,training_time_minutes
0,792.2515792780443,1521.3762090453902,-0.21842303144978215,0.0,0.3121602425064304,0.05211896478400482,0.09013283797346476,1.6147971838059931,3.292303406293043,3555,47.7660341660497
