,MAE,RMSE,NSE,alpha,beta,HFV,HFV10,LFV,FDC,training_length_days,training_time_minutes
0,0.34187760780615545,0.6069094768804668,0.35570591011373887,0.759549296534491,0.6308075182630895,0.6228179290286074,0.8351542784194569,0.22249728250152748,0.05659631305877433,660,3.8999053150000083
