,MAE,RMSE,NSE,alpha,beta,HFV,HFV10,LFV,FDC,training_length_days,training_time_minutes
0,0.44812559448960093,0.945485278701308,0.1847595211367885,1.170551745620053,1.1588882168090249,1.3113230635264284,1.5244571987123816,0.3923785118201732,-0.06305584112559674,680,11.653497739999997
