,MAE,RMSE,NSE,alpha,beta,HFV,HFV10,LFV,FDC,training_length_days,training_time_minutes
0,1.3789782361407055,1.7331375090814936,0.4644126276865532,0.931073504158091,0.8394462186109103,0.7894013165024873,0.8327526678842433,0.6878297169487588,0.5345717747976295,4131,139.46372990999953
