,MAE,RMSE,NSE,alpha,beta,HFV,HFV10,LFV,FDC,training_length_days,training_time_minutes
0,0.24845699786353795,0.461965973753547,0.5363725735023852,0.9506641837231962,0.8435528263259203,0.9158922762625894,0.9148982732103047,0.5730442727897515,0.384771028224799,2405,108.99713531666663
