,MAE,RMSE,NSE,alpha,beta,HFV,HFV10,LFV,FDC,training_length_days,training_time_minutes
0,1.2146719512397537,3.6673153534091187,-13.263026511547702,3.7237357721382365,1.7488015965354982,3.688512457812539,2.2843417647337385,1.3285343874551607,1.1412421811386861,4444,197.43479239486672
