,MAE,RMSE,NSE,alpha,beta,HFV,HFV10,LFV,FDC,training_length_days,training_time_minutes
0,0.2892042436298304,0.35841899487184226,-0.15999850040465935,0.3896464475412057,1.0811971331148518,0.7333100391971749,0.8788389163003679,1.2235588351236442,2.7542349150232566,1704,195.95676088961676
