,MAE,RMSE,NSE,alpha,beta,HFV,HFV10,LFV,FDC,r2,training_length_days,training_time_minutes
0,0.2250859991482646,0.30337737513280294,0.37310871357083164,1.0342133325612144,1.0769259390256718,-12.857149871636983,6.785710671200627,8.855680373895487,11.35211948947774,0.2480025394260651,321,9.854373158333571
