,MAE,RMSE,NSE,alpha,beta,HFV,HFV10,LFV,FDC,training_length_days,training_time_minutes
0,0.4397497135808734,0.6505626310812103,0.5199384520772519,0.7428389915494177,1.261935056425968,0.7154555874560603,0.9486584704802216,2.1732269831417184,3.881158142917151,3530,385.39967632166616
