,MAE,RMSE,NSE,alpha,beta,HFV,HFV10,LFV,FDC,training_length_days,training_time_minutes
0,8.607742035377981,12.451908025249654,-104.10956800391754,8.789652242168861,7.385693107340837,4.095042029011453,8.308321000991844,-2.002406080929739,-18.678172842793323,2242,55.798395035000674
