,MAE,RMSE,NSE,alpha,beta,HFV,HFV10,LFV,FDC,r2,training_length_days,training_time_minutes
0,0.7545600011662751,1.085299624421577,0.36455333007483026,0.7634088067364037,1.1174840549422465,-36.29223538202032,-21.241581118596145,-1.4558565590455201,-2.104700259211141,0.049316117855427555,382,5.46925672666645
