,MAE,RMSE,NSE,alpha,beta,HFV,HFV10,LFV,FDC,training_length_days,training_time_minutes
0,2.6113302665753175,3.130086118541876,0.628381042518696,1.0231175635212804,1.0168723048263975,0.8877082207800348,0.9456006973158656,0.990742857694458,0.8523928929354383,3555,80.9088230902334
