,MAE,RMSE,NSE,alpha,beta,HFV,HFV10,LFV,FDC,training_length_days,training_time_minutes
0,1.1566983935967396,1.6540066922144392,-0.33502252807803234,1.2666532450969064,1.2205736319446912,1.1390816432899389,1.283310582717097,1.0368929484270348,1.1583243189407824,2199,121.81514819999963
