,MAE,RMSE,NSE,alpha,beta,HFV,HFV10,LFV,FDC,training_length_days,training_time_minutes
0,1.7191567476295249,2.654454289250347,0.13652814162691618,0.34745150368542854,1.0056890266142973,0.40033896381147455,0.5886602854706791,1.6021149887902668,2.2733734073155287,2675,64.17940600156665
