,MAE,RMSE,NSE,alpha,beta,HFV,HFV10,LFV,FDC,training_length_days,training_time_minutes
0,0.21657994422930635,0.32736447438758715,0.3016313373690763,1.1900809793966292,0.8921162987942562,1.1587126664129817,1.135012564825732,0.5877475641350142,0.29318506348677376,4119,133.41558235676686
