,MAE,RMSE,NSE,alpha,beta,HFV,HFV10,LFV,FDC,training_length_days,training_time_minutes
0,1.2321202938115072,1.7250594624659363,-5.723955329872915,2.272019902009882,2.963362644390763,2.1621328435539504,2.926363889350374,2.9765876194427623,-1.020208683545528,2104,58.79078372318333
