,MAE,RMSE,NSE,alpha,beta,HFV,HFV10,LFV,FDC,training_length_days,training_time_minutes
0,1779.4096698652045,2790.6341515313934,-0.028918624940202697,0.0,0.7598143797665272,0.14052888234775474,0.2214318458449914,3.779501993481799,17.093914310398088,4021,78.85701911875027
