,MAE,RMSE,NSE,alpha,beta,HFV,HFV10,LFV,FDC,training_length_days,training_time_minutes
0,1.1232433051041428,1.7257495970508634,-0.12266142399382485,2.7265711838056323e-16,0.6745822985462059,0.16206343050967267,0.28639018554085754,1.42732957890283,6.6230283022666,4128,132.85914163488295
