,MAE,RMSE,NSE,alpha,beta,HFV,HFV10,LFV,FDC,r2,training_length_days,training_time_minutes
0,1.5770466804415106,1.8694629467753807,0.6371660963534231,0.8271093308366111,1.0954310845744064,-31.61850906571552,-18.055406354431263,-0.5632029827929049,-288.6685023059005,0.1257145838445528,446,56.03609383999986
