,MAE,RMSE,NSE,alpha,beta,HFV,HFV10,LFV,FDC,training_length_days,training_time_minutes
0,0.5377435323634887,0.6112127949952644,0.11403842058294789,0.37613530744668194,1.3175908089425066,0.589196320112419,0.8133462187604101,1.8510091427705428,2.065907115274075,775,3.6866460483333414
