,MAE,RMSE,NSE,alpha,beta,HFV,HFV10,LFV,FDC,training_length_days,training_time_minutes
0,25.494796688580468,40.56812546537052,-0.3134154691421005,0.0,0.3242714403012325,0.06495423934559998,0.10950223834227478,1.1340439864598322,105.49791609862504,4246,183.54299628166675
