,MAE,RMSE,NSE,alpha,beta,HFV,HFV10,LFV,FDC,training_length_days,training_time_minutes
0,0.20310695884222943,0.26014269714503907,-0.7185933162450928,0.7781013334632269,0.5951771133150774,0.8061961083521276,0.7047671370081536,0.5622196712440167,0.6791660670534729,3357,227.80268604865003
