,MAE,RMSE,NSE,alpha,beta,HFV,HFV10,LFV,FDC,r2,training_length_days,training_time_minutes
0,10872.948082204251,11967.484673680576,-833913619.447791,12064.757117084624,37264.85371237076,567986.581557183,1058215.7493174223,2034710.6260961068,-35.53365024404923,0.32430665415841375,238,8.652042706666785
