,MAE,RMSE,NSE,alpha,beta,HFV,HFV10,LFV,FDC,training_length_days,training_time_minutes
0,329.90380586143783,645.6378132739775,0.08770658985229463,1.1977092292714366,1.423467079954305,1.224038499210539,1.259918601758128,2.1131935464044536,3.2119766678943775,2463,271.1837245450006
