,MAE,RMSE,NSE,alpha,beta,HFV,HFV10,LFV,FDC,training_length_days,training_time_minutes
0,0.07330971498021889,0.14079048030779243,0.34171123672269443,0.624071532945647,0.756769077246717,0.6186960537800195,0.7922151712194898,0.6561225556766301,0.8247476246653103,1477,8.399566221666669
