,MAE,RMSE,NSE,alpha,beta,HFV,HFV10,LFV,FDC,r2,training_length_days,training_time_minutes
0,4.281483051687684,5.512524222465247,-123.85613054009934,6.989616343916137,-5.824196485587501,-98.96905616612763,-104.65992959044529,-141.45063295495507,,0.00035617141118593487,461,38.578442901666676
