,MAE,RMSE,NSE,alpha,beta,HFV,HFV10,LFV,FDC,training_length_days,training_time_minutes
0,1.0495202858255543,3.069668541554033,-8.99305190403141,3.1810727460621897,1.603571180341295,3.0229413416590663,2.0205744140834465,1.237459252951607,1.0189031478173998,4444,266.479306806217
