,MAE,RMSE,NSE,alpha,beta,HFV,HFV10,LFV,FDC,training_length_days,training_time_minutes
0,7734.410608480859,15614.587709388776,-130502017.0148936,9923.150846716271,531.1457604465604,1818.579928446849,1916.9363187355748,1.4009788515803103,1.2762097368801493,2698,20.31293243333348
