,MAE,RMSE,NSE,alpha,beta,HFV,HFV10,LFV,FDC,training_length_days,training_time_minutes
0,0.5456622832308222,0.7031871534427293,0.6455728538472807,1.086123196742987,1.2954576773135118,0.9831225052401987,1.145241982948749,1.4510004277626851,2.1678574679738776,4246,375.99375444333344
