,MAE,RMSE,NSE,alpha,beta,HFV,HFV10,LFV,FDC,training_length_days,training_time_minutes
0,0.5716181091306045,0.7753505317714047,-0.5710124886927743,0.7596564916237355,1.2946737126127184,0.9852186634600828,1.0529675254114694,1.436759531339837,1.397570145514453,4294,62.21868794615002
