,MAE,RMSE,NSE,alpha,beta,HFV,HFV10,LFV,FDC,training_length_days,training_time_minutes
0,0.25072570757106466,0.4663053401543621,0.527621720394893,0.9023003811417297,0.7920318628219036,0.8857756418860774,0.8532347666380116,0.6271307914851584,0.8947759526743222,2405,186.94332220333334
