,MAE,RMSE,NSE,alpha,beta,HFV,HFV10,LFV,FDC,training_length_days,training_time_minutes
0,4101.0056421995205,4581.387704630183,-26.787561566796438,2.2838412239909727,8.694343734414097,2.458144607496406,4.29110337502388,30.602260336852602,157.66921520349823,2683,63.1250837799996
