,MAE,RMSE,NSE,alpha,beta,HFV,HFV10,LFV,FDC,training_length_days,training_time_minutes
0,43.61230450504746,79.32025322296072,-0.3417655857908466,0.0,0.24930971617738304,0.047059714038531396,0.08458880666001195,0.7693587491598723,4.990603858190115,1704,22.79077860945011
