,MAE,RMSE,NSE,alpha,beta,HFV,HFV10,LFV,FDC,training_length_days,training_time_minutes
0,114.98308281621081,215.92717122430514,-0.06769262664555686,1.3600849082145054e-16,0.6246874681916647,0.10485467324367059,0.21156569756842056,2.106668608146851,8.44186363649946,4173,274.2166456095833
