,MAE,RMSE,NSE,alpha,beta,HFV,HFV10,LFV,FDC,training_length_days,training_time_minutes
0,5.941080287528083,7.447986548651684,-0.6825382169278924,0.16426445357864716,0.47274333603215074,0.2901362541053436,0.31721620133861034,0.8302098817170008,2.310101282841002,3797,39.576096046133294
