,MAE,RMSE,NSE,alpha,beta,HFV,HFV10,LFV,FDC,training_length_days,training_time_minutes
0,527.6836773742483,624.2382245643824,-1.2330241170782013,1.1330694918990583,2.605877963229415,1.0789174949406297,1.7612403096747582,4.181009867083746,1.6911544925651067,2900,72.70383293500005
