,MAE,RMSE,NSE,alpha,beta,HFV,HFV10,LFV,FDC,training_length_days,training_time_minutes
0,0.2732258484707164,0.4403924316944987,0.25813284574217865,0.897254705563502,0.7214503407722053,0.7569165800221472,1.1208686467593008,-0.04169567863082113,-0.4548354437303286,659,13.794683066666675
