,MAE,RMSE,NSE,alpha,beta,HFV,HFV10,LFV,FDC,training_length_days,training_time_minutes
0,0.0734488966983034,0.14609763483766788,0.29114691902747725,0.5685410864192127,0.7288415821585735,0.5416026546822038,0.7486110473574323,0.6673633080364202,1.2286232161297952,1477,7.727179933333332
