,MAE,RMSE,NSE,alpha,beta,HFV,HFV10,LFV,FDC,training_length_days,training_time_minutes
0,2.5601464868557544,2.8851518425337677,-3.318126613509304,0.5741400159958121,-0.3903208548576293,0.292506698040919,0.09556809410842854,-1.0515662154556338,-3.383359137608443,5110,1037.5833230283324
