,MAE,RMSE,NSE,alpha,beta,HFV,HFV10,LFV,FDC,r2,training_length_days,training_time_minutes
0,0.4788923323991948,0.7116505243809758,0.5383924931683832,0.8901483341944534,1.084660336213477,-29.34070454554636,-9.661578063644884,9.715603650057593,67.71304975070659,0.16999177694278866,222,8.74279704666648
