,MAE,RMSE,NSE,alpha,beta,HFV,HFV10,LFV,FDC,training_length_days,training_time_minutes
0,0.23615368364290484,0.39305832437084776,0.4269419856970047,0.9701734445486037,0.5965902852823922,0.9493136977495378,0.8790677592626207,0.2828430113719956,0.17986061223679242,4072,231.49128966833328
