,MAE,RMSE,NSE,alpha,beta,HFV,HFV10,LFV,FDC,r2,training_length_days,training_time_minutes
0,0.23277476896340293,0.3309726605749767,-0.008314473154973356,0.42754241248932523,0.9272586914580794,-54.19133001389173,-30.48491095495675,-15.44277386733138,11.476660085458029,0.00566543651454432,201,6.338236313333376
