,MAE,RMSE,NSE,alpha,beta,HFV,HFV10,LFV,FDC,training_length_days,training_time_minutes
0,0.7532483434685339,1.0638761944943302,-0.26203213688788507,1.2320166662577459,1.3581552915598183,1.0181520202358638,1.3428144495045344,1.2594295880537059,0.9342067386704994,4322,406.2411754179668
