,MAE,RMSE,NSE,alpha,beta,HFV,HFV10,LFV,FDC,training_length_days,training_time_minutes
0,0.27341825272486114,0.35757549789321896,0.29213164495265165,1.1899585986539638,0.8127562080784086,1.099357601636835,0.9957527672665571,0.640453999704897,0.23272052753263936,4282,163.4673839913002
