,MAE,RMSE,NSE,alpha,beta,HFV,HFV10,LFV,FDC,training_length_days,training_time_minutes
0,0.35750220178082703,0.4166221774021194,-3.563485594581082,1.063558331200068,1.6648176319703085,1.2211537513814432,1.4043400022474288,1.831276655017053,,2917,16.325490728333293
