,MAE,RMSE,NSE,alpha,beta,HFV,HFV10,LFV,FDC,r2,training_length_days,training_time_minutes
0,0.1969941155565182,0.286855912574507,0.46539299065233597,0.7454379218724257,0.9161603350964034,-23.107090017443994,-16.113135172808757,-14.24982942300325,-4.930570231005581,0.004547706151411424,263,3.5157774049999717
