,MAE,RMSE,NSE,alpha,beta,HFV,HFV10,LFV,FDC,r2,training_length_days,training_time_minutes
0,0.1378593903578748,0.5265400960197767,0.016105443922353913,0.1575541266225623,0.9159375459478823,-83.10389443041112,-61.801110710422904,-34.77919836207788,-8.396251799403746,0.0013907021646731854,276,1.9349830766665643
