,MAE,RMSE,NSE,alpha,beta,HFV,HFV10,LFV,FDC,training_length_days,training_time_minutes
0,330.69616237267826,521.4008598356126,-0.6729888544350284,0.0,0.014307168123932299,0.0027256959607032203,0.005503385809270265,0.03302409485228879,0.09291665687300747,3056,48.72417295806666
