,MAE,RMSE,NSE,alpha,beta,HFV,HFV10,LFV,FDC,r2,training_length_days,training_time_minutes
0,0.7871317351544628,1.1172191852135698,0.6955606341194063,1.0082147419622849,1.0334113826008062,-17.553660415877363,-6.378701897879786,10.258296068536216,103.49056001259314,0.004514482599863312,460,53.33983575666668
