,MAE,RMSE,NSE,alpha,beta,HFV,HFV10,LFV,FDC,training_length_days,training_time_minutes
0,1.153395119339311,2.353636782126228,-8.71277976479544,2.723927226395007,1.4246162252049632,2.7703809898821476,2.1274459608059235,0.8042831560214939,0.8725970051011986,5108,186.54255995675
