,MAE,RMSE,NSE,alpha,beta,HFV,HFV10,LFV,FDC,training_length_days,training_time_minutes
0,0.1444575181722593,0.22465903385368916,-0.28173314421996754,1.089532528280071,0.8527315570808602,1.1176315408409327,1.0450666770874895,0.7714168887275983,0.9177423207189123,3357,133.7968337579829
