,MAE,RMSE,NSE,alpha,beta,HFV,HFV10,LFV,FDC,training_length_days,training_time_minutes
0,26.518962999953615,44.893688595797215,0.26578140946223716,1.0576899407216154,1.9111360340553816,1.0827390884695196,1.5795517928620453,4.0094177298377645,-10.257655789506632,2413,162.14214867283332
