,MAE,RMSE,NSE,alpha,beta,HFV,HFV10,LFV,FDC,training_length_days,training_time_minutes
0,58.5094997831273,333.0923197219993,-0.03182061319160834,2.1160587828092807e-20,0.0007687086147062211,4.3993318201837496e-05,0.00017271502622420745,0.022656630280642243,6.371562566616927,3392,146.04454342528334
