,MAE,RMSE,NSE,alpha,beta,HFV,HFV10,LFV,FDC,training_length_days,training_time_minutes
0,1336.892671585276,1594.9965551734906,-2.1201054948174276,1.0615714251766217,4.596166363432134,0.989814527913292,2.212172100278204,21.759012896291377,60.56255295274814,2648,39.813268790000194
