,MAE,RMSE,NSE,alpha,beta,HFV,HFV10,LFV,FDC,training_length_days,training_time_minutes
0,0.5570981294476588,0.591646878865192,-29.705737496206247,1.9400020793322448,4.6654727227058626,2.0440580035310076,2.9329727842492757,6.189179316351921,5.145661739554105,2210,315.8573224833342
