,MAE,RMSE,NSE,alpha,beta,HFV,HFV10,LFV,FDC,r2,training_length_days,training_time_minutes
0,1.6938968018562284,1.897133638510682,-0.5246976799921768,0.6260614116526957,2.0305717043766727,-13.671044221306571,-2.1229451592579793,28.509031916934244,-110.70378694391911,0.025291868441753795,197,16.071442246666507
