,MAE,RMSE,NSE,alpha,beta,HFV,HFV10,LFV,FDC,training_length_days,training_time_minutes
0,96.63930598814376,116.56723890853849,0.28878805963473364,0.7656297960033122,1.5722679770637105,0.7023675117559608,1.003552936421678,3.775948213547479,inf,2273,546.7392607716666
