,MAE,RMSE,NSE,alpha,beta,HFV,HFV10,LFV,FDC,training_length_days,training_time_minutes
0,63.32054186765684,105.37688789447205,0.11519673757401527,0.949858988081365,2.8253374300787666,1.4667413979351596,2.302519000518292,4.8566831198193245,,1670,40.68341147833271
