,MAE,RMSE,NSE,alpha,beta,HFV,HFV10,LFV,FDC,training_length_days,training_time_minutes
0,0.3431959778931458,0.7242277509439892,0.2604912557329855,0.8820751405822651,0.9576988687807645,0.8895160764843123,1.110408584534103,0.5251087928147102,0.1387826255350485,3392,355.46458222149994
