,MAE,RMSE,NSE,alpha,beta,HFV,HFV10,LFV,FDC,training_length_days,training_time_minutes
0,258.3993694386403,535.2465243999277,-0.2525130864625218,1.2652884612902748,2.051640903896368,1.2638654413013153,1.9788817442435984,-19.85956692365074,335.7947672024391,2857,134.7003406283334
