,MAE,RMSE,NSE,alpha,beta,HFV,HFV10,LFV,FDC,training_length_days,training_time_minutes
0,2736.707005639613,4249.393307305049,-0.4745527692702154,1.4644997962891388,1.152044834733421,1.3006448456528126,1.5048767374907461,0.45551608242951613,0.002925859003350652,2199,91.42663579500028
