,MAE,RMSE,NSE,alpha,beta,HFV,HFV10,LFV,FDC,training_length_days,training_time_minutes
0,0.9864582315273059,1.117338074572546,-3.542049507325057,0.4514948271558454,0.11112481625579122,0.4334141944967039,0.2420636919972865,0.02679864564581193,0.023287181973478743,4254,171.48500794708332
