,MAE,RMSE,NSE,alpha,beta,HFV,HFV10,LFV,FDC,r2,training_length_days,training_time_minutes
0,0.3992682398530793,0.564935097749245,0.5581317066246065,0.980461391794139,1.2215242588869304,-0.18003994311502491,0.04315088030454612,3.3432423249955177,35.91003916931677,0.22840262354460905,179,1.3153415733332319
