,MAE,RMSE,NSE,alpha,beta,HFV,HFV10,LFV,FDC,r2,training_length_days,training_time_minutes
0,0.24617430821524816,0.3554781011721887,0.23267461124902933,0.7110162480199497,1.3194364810845687,-36.54234748450341,-12.793409408259382,2.700852259543136,-22.10110786130033,0.07576002423486161,641,51.852615683333234
