,MAE,RMSE,NSE,alpha,beta,HFV,HFV10,LFV,FDC,r2,training_length_days,training_time_minutes
0,0.6283389927052163,0.9277711498292861,-0.5239241076472365,0.8976460894319181,1.931309438450294,-27.131049841315424,9.205128444127622,45.93349872047029,-28.92065163613097,0.09999941955933411,244,1.5989852049999171
