,MAE,RMSE,NSE,alpha,beta,HFV,HFV10,LFV,FDC,training_length_days,training_time_minutes
0,14.380001585677674,37.29611449776536,0.4298607602019777,0.9376927493686343,1.0723463273493723,0.9483884535828634,1.2845168832719827,0.08917355088966739,-0.002515739708273648,3052,163.63393181918326
