,MAE,RMSE,NSE,alpha,beta,HFV,HFV10,LFV,FDC,training_length_days,training_time_minutes
0,1.8824207528479449,3.0047423103723534,-0.6421285446490059,0.0,0.2405063164427716,0.07881996304596954,0.19642927671675414,0.2405063164427716,,5110,10.67168729
