,MAE,RMSE,NSE,alpha,beta,HFV,HFV10,LFV,FDC,r2,training_length_days,training_time_minutes
0,0.2032054919125726,0.21987622880860394,-3.8782793833456584,0.8066207479783183,2.0611115466569303,-21.175654171877405,20.065797376459138,58.301028270566256,-19.178194032216425,0.007905721555867218,124,5.142304045000007
