,MAE,RMSE,NSE,alpha,beta,HFV,HFV10,LFV,FDC,r2,training_length_days,training_time_minutes
0,0.20663351821415185,0.3259299416861223,0.3549366277847029,0.7674930095273075,1.1232929855232399,-27.596843286774995,-12.53396440022565,-4.860815404617202,-16.512609258965558,0.099531571320013,641,37.83300589499995
