,MAE,RMSE,NSE,alpha,beta,HFV,HFV10,LFV,FDC,training_length_days,training_time_minutes
0,1.0070285789320623,1.7659100662438827,-0.28247077350840355,1.105972205753928,1.6011919886384358,1.1564185358566954,1.2733746537600157,2.489244494857123,-0.29636908722193567,2323,149.53483613198333
