,MAE,RMSE,NSE,alpha,beta,HFV,HFV10,LFV,FDC,training_length_days,training_time_minutes
0,0.5654940812141463,0.6646100422046979,-2.0408332024392424,1.2176571305042396,0.5973417548384408,1.0587296774613972,0.9544572483416659,0.5253170770826494,,2065,22.850358511666613
