,MAE,RMSE,NSE,alpha,beta,HFV,HFV10,LFV,FDC,training_length_days,training_time_minutes
0,0.8937958309537407,1.5154676263919062,-0.12074651280937632,3.1022533049530128e-16,0.7537397219141995,0.21397659157324753,0.3606816821184438,1.2222525268730948,1.6966355312872343,2199,55.36214982166712
