,MAE,RMSE,NSE,alpha,beta,HFV,HFV10,LFV,FDC,r2,training_length_days,training_time_minutes
0,0.12513893030488768,0.24400827641821926,0.2823795932846901,0.6478077076290873,0.8399574249067421,-48.067599015886934,-29.48653380806647,-16.73690475243478,15.730481919000324,0.08560382594641702,474,33.752754169999875
