,MAE,RMSE,NSE,alpha,beta,HFV,HFV10,LFV,FDC,training_length_days,training_time_minutes
0,1.310809318353647,2.4539173279066087,-17.69725909261757,4.651678385504191,2.290173687776017,4.152428467603439,4.1890422428497,0.7236818455757824,0.24411505382753895,3015,127.38751296720002
