,MAE,RMSE,NSE,alpha,beta,HFV,HFV10,LFV,FDC,training_length_days,training_time_minutes
0,0.43666032662430915,0.9178213186106954,0.23176785558828483,1.2775596421997126,1.154424276026676,1.4285653122935813,1.5418718643540028,0.3634980194885582,0.045877229743303334,680,2.6582995183332967
