,MAE,RMSE,NSE,alpha,beta,HFV,HFV10,LFV,FDC,training_length_days,training_time_minutes
0,1.247542103736131,1.8960376351214179,-0.5236224906455367,0.7587665656215326,0.5727709028219317,0.6255710533082676,0.6671792570087954,0.3073650101158646,-0.17225705435842986,2217,182.26860621666665
