,MAE,RMSE,NSE,alpha,beta,HFV,HFV10,LFV,FDC,training_length_days,training_time_minutes
0,1.2392713774372832,1.3525485396570363,-4.675847560033521,1.3292528928001723,2.314422726089867,1.3150690209363594,1.8422960972101001,2.7178288895548652,3.2658397244369364,4617,291.95122726283347
