,MAE,RMSE,NSE,alpha,beta,HFV,HFV10,LFV,FDC,r2,training_length_days,training_time_minutes
0,0.6137325484059215,0.7595150663477349,-1.8525622593740687,0.7785417536790016,1.9969551679743667,-35.734941422154286,6.764656887731795,40.46549802231851,-35.11459749869244,0.0012711231348210283,453,5.456552376666667
