,MAE,RMSE,NSE,alpha,beta,HFV,HFV10,LFV,FDC,training_length_days,training_time_minutes
0,0.4249292054137927,0.7192276857533253,0.6493262672924716,0.8257396088997729,0.8934668175172814,0.7640419314081218,0.9242861868432254,0.7110484111643735,0.4994722563120641,2242,73.53317205500012
