,MAE,RMSE,NSE,alpha,beta,HFV,HFV10,LFV,FDC,training_length_days,training_time_minutes
0,0.1741849371328252,0.30379256029454865,-0.22004146429314098,0.9799948034151205,1.2546598389220016,1.0550913926077197,1.2294005068399385,1.279616538372068,1.2462274437285399,1982,43.30844930166665
