,MAE,RMSE,NSE,alpha,beta,HFV,HFV10,LFV,FDC,training_length_days,training_time_minutes
0,0.9793662056074725,1.2974487662062553,-71.1766771864859,5.501610960219522,2.118106949916764,2.547042602217766,2.887046960238762,2.118106949916765,,4633,25.161930216800343
