,MAE,RMSE,NSE,alpha,beta,HFV,HFV10,LFV,FDC,training_length_days,training_time_minutes
0,85.24473802352517,130.4431634840619,-0.2840380289495441,0.155678964617696,0.5255317979709425,0.19172051268509135,0.27611738781380935,1.5003839905325873,4.902053166961477,2536,8.839393848333323
