,MAE,RMSE,NSE,alpha,beta,HFV,HFV10,LFV,FDC,training_length_days,training_time_minutes
0,0.9257636872562334,1.6167972415152847,-0.07503209775833053,0.9842456694311389,1.438405994896457,1.0202508955634855,1.1459937984141497,2.2301934198074433,-0.3207098446323524,2323,205.69549890263346
