,MAE,RMSE,NSE,alpha,beta,HFV,HFV10,LFV,FDC,training_length_days,training_time_minutes
0,18.905134099412408,39.59829042262686,-0.763855860340455,1.3599306910898068,3.3692092858619453,1.8213631382230608,3.223125383491972,2.5760271435352267,0.05459260678438834,4415,265.24454094814996
