,MAE,RMSE,NSE,alpha,beta,HFV,HFV10,LFV,FDC,training_length_days,training_time_minutes
0,3.75725263015885,4.170957506130994,-0.06043484320140324,0.13976947373347742,1.2180061212104358,0.4976237195003432,0.5146601291331991,3.8540743294053335,6.971286596441097,3875,122.28921298370018
