,MAE,RMSE,NSE,alpha,beta,HFV,HFV10,LFV,FDC,training_length_days,training_time_minutes
0,6.353072128728384,19.153921795176835,0.31208126290534877,1.026230210175504,0.702960815310252,1.0637231519567778,0.9510280024438863,-0.16123107229000738,-2.884565713498089,1477,27.47238703333334
