,MAE,RMSE,NSE,alpha,beta,HFV,HFV10,LFV,FDC,training_length_days,training_time_minutes
0,0.28552871113708683,0.3467050827927602,-0.03818174150229381,1.3325999765321122,0.7185089154949489,1.174587418337013,1.1127226084394921,0.3472973468795751,0.09830828204050049,3041,243.90015678968243
