,MAE,RMSE,NSE,alpha,beta,HFV,HFV10,LFV,FDC,training_length_days,training_time_minutes
0,40.84120116410576,74.40679003670601,-0.2896346038551707,0.9486508792886559,1.125535771531035,0.9762340791008626,1.1048985136950558,0.9992862105611282,0.5237237691500242,3041,116.54606948965035
