,MAE,RMSE,NSE,alpha,beta,HFV,HFV10,LFV,FDC,training_length_days,training_time_minutes
0,0.36114298501066605,0.46423632082330196,0.2717942000201796,0.976191664039223,1.6245237337418763,0.9967885036266152,1.249826504545304,2.5128304392324754,7.930697909926063,2413,146.3448214817334
