,MAE,RMSE,NSE,alpha,beta,HFV,HFV10,LFV,FDC,training_length_days,training_time_minutes
0,2980.9121728880077,3667.00908173331,-5.195642905520894,1.3586042889819039,2.615891847937806,1.1433444877915953,1.77500786049012,3.7844972007904905,6.703078645096506,3074,57.23497792666667
