,MAE,RMSE,NSE,alpha,beta,HFV,HFV10,LFV,FDC,training_length_days,training_time_minutes
0,0.8215626525376969,1.076229890084699,-2.593644415005656,1.7215404817928541,1.8393276984891926,1.4275256658951592,1.8371779827698769,1.731139174839045,1.7307725129440419,4617,305.0234191797334
