,MAE,RMSE,NSE,alpha,beta,HFV,HFV10,LFV,FDC,training_length_days,training_time_minutes
0,0.5125205723154692,0.5988514259941262,0.14951199940165527,0.33996337250736,1.2463133812322447,0.5467773337709502,0.7747186599473869,1.7574002293921789,2.0636768392703524,775,3.977585023333343
