,MAE,RMSE,NSE,alpha,beta,HFV,HFV10,LFV,FDC,training_length_days,training_time_minutes
0,230.31961930494322,338.52932915285425,0.3758404697172526,0.6053658144941902,1.119976532736402,0.6021753641561304,0.8090284944159348,1.784400721703105,2.780743231076622,2210,210.7369993449994
