,MAE,RMSE,NSE,alpha,beta,HFV,HFV10,LFV,FDC,training_length_days,training_time_minutes
0,0.48493987724911863,0.5996089597717009,-11.53403978573246,2.0889701811414794,1.2857268071602443,1.3272179521416483,1.4132673342166813,1.204921484668344,1.1258061853800407,4286,48.6127052970832
