,MAE,RMSE,NSE,alpha,beta,HFV,HFV10,LFV,FDC,training_length_days,training_time_minutes
0,3.4485448260272715,4.170088847201793,-5.768953586931899,1.5850187313548474,3.0163442509366387,1.9987056295844332,2.1111417732871303,5.643247787231273,17.176854599286386,4338,136.0930261394504
