,MAE,RMSE,NSE,alpha,beta,HFV,HFV10,LFV,FDC,r2,training_length_days,training_time_minutes
0,0.6872182636690525,0.8899086995482095,0.5921648322862805,0.7692860953443645,1.0112917963719668,-7.568967681295967,-8.379137745422128,-8.290767607957756,157.1817521538913,0.1618316186881582,279,20.575765131666653
