,MAE,RMSE,NSE,alpha,beta,HFV,HFV10,LFV,FDC,r2,training_length_days,training_time_minutes
0,0.6374648925248128,0.7268161099818413,-0.15792095662908978,0.4317273282208235,1.020646682677841,-35.27265839496829,-32.590542699225686,-23.448633952013473,-90.91195516694394,0.03368508002314363,201,9.773996074999983
