,MAE,RMSE,NSE,alpha,beta,HFV,HFV10,LFV,FDC,r2,training_length_days,training_time_minutes
0,0.8613893486084189,1.1145922732763223,-0.04914510978715669,0.7566697927853896,1.9037474314648402,-38.40058221736576,-8.615993547189923,29.39372916650547,-50.02317081260378,0.23417231485333923,468,19.483244410000044
