,MAE,RMSE,NSE,alpha,beta,HFV,HFV10,LFV,FDC,r2,training_length_days,training_time_minutes
0,0.4782467097643431,0.5948167163862738,-1.2986527421074565,0.46984716448555197,1.652081086887958,-11.301731249132745,6.333869720764885,15.353260649385282,-65.38205860389988,0.0026839536336858982,263,3.1750866083333675
