,MAE,RMSE,NSE,alpha,beta,HFV,HFV10,LFV,FDC,training_length_days,training_time_minutes
0,0.4735723974739644,0.5240688287219596,-10.320133572182339,1.370782396235523,4.2445543593762425,2.102315940745911,2.530816487888187,9.71022323712664,-4.725135234802047,347,1.1971231344999977
