,MAE,RMSE,NSE,alpha,beta,HFV,HFV10,LFV,FDC,training_length_days,training_time_minutes
0,3.9742284505610015,4.744545189996805,-0.06046118092441244,0.9781340223594974,0.841431888243788,1.2050409934896191,0.929703332540262,0.8209579605108376,1.281070646716627,2683,153.9995580133332
