,MAE,RMSE,NSE,alpha,beta,HFV,HFV10,LFV,FDC,training_length_days,training_time_minutes
0,0.2856162097882877,0.5140136597747235,0.19773845710799243,1.1903961346153864,0.8944736760660407,1.2586044310302993,1.1548865475440406,0.28999244459356954,0.024530595336847396,2240,96.27013356333325
