,MAE,RMSE,NSE,alpha,beta,HFV,HFV10,LFV,FDC,training_length_days,training_time_minutes
0,0.9589486073121904,1.1269041569461302,-0.4404316528297718,0.9868671648880246,2.163433675428882,1.0451082874322324,1.3979865896642676,4.570425093892159,10.34141718396681,3530,196.88206562166695
