,MAE,RMSE,NSE,alpha,beta,HFV,HFV10,LFV,FDC,training_length_days,training_time_minutes
0,4.5823344478242305,5.60007206360872,-168.49410293561482,7.5663359327792,6.60841938846619,6.368138845394213,7.051848771501421,6.60841938846619,,2252,142.49315860999997
