,MAE,RMSE,NSE,alpha,beta,HFV,HFV10,LFV,FDC,training_length_days,training_time_minutes
0,1.1370975713348006,1.6504629434065874,-0.11135663782392258,0.0,1.6109996183141901,0.18962782970915668,0.48902529977088044,5.205953555746682,8.672031853055241,2857,349.9102527333334
