,MAE,RMSE,NSE,alpha,beta,HFV,HFV10,LFV,FDC,training_length_days,training_time_minutes
0,122.14022964707654,292.9594821160884,0.20183977786942242,0.8654260546672262,2.5795024724432554,1.167414229631403,2.1751501405266502,8.66938957581624,9.696376061857528,3392,204.02518770531654
