,MAE,RMSE,NSE,alpha,beta,HFV,HFV10,LFV,FDC,r2,training_length_days,training_time_minutes
0,0.14667539990566472,0.2171472335236334,0.14020775251677386,1.1125227318949085,0.7394533030152046,8.49116800815105,3.0533637368349678,-7.1049670002031835,44.27091863192805,0.29580701118578323,853,17.744944773333554
