,MAE,RMSE,NSE,alpha,beta,HFV,HFV10,LFV,FDC,r2,training_length_days,training_time_minutes
0,0.41778739193322056,0.5407891216456658,0.21603480377847273,0.824022959862859,1.3548848127327864,2.699578072935291,10.509345303146567,9.32900642256299,-70.78463051070665,0.002019314215238266,567,2.4979332616664274
