,MAE,RMSE,NSE,alpha,beta,HFV,HFV10,LFV,FDC,training_length_days,training_time_minutes
0,0.30750890172284245,0.38545936324164154,-0.004447554431331824,0.0074101087314772445,0.9725229861135432,0.24765992062630174,0.3659502122055179,3.0738567627700553,11.76038133730801,2536,30.503949683333484
