,MAE,RMSE,NSE,alpha,beta,HFV,HFV10,LFV,FDC,training_length_days,training_time_minutes
0,0.27601102790735743,0.43113136313015227,-0.0725794728940421,1.0667811779062814e-15,0.9202994741108061,0.4641355579944119,0.6480003789908777,1.0928248829307534,1.2900899214874024,2900,58.352911471666694
