,MAE,RMSE,NSE,alpha,beta,HFV,HFV10,LFV,FDC,training_length_days,training_time_minutes
0,0.24328619061277001,0.3502676642238883,0.02844802184636519,1.0806152744836814,1.2965349625175988,1.0294673461128097,1.2579644423214902,1.3316425409495227,0.6424164432761464,5103,80.21216078621661
