,MAE,RMSE,NSE,alpha,beta,HFV,HFV10,LFV,FDC,r2,training_length_days,training_time_minutes
0,0.7801415509953743,0.9677580630304551,0.05878754521505203,0.8374236400044691,1.1506725988122184,-10.962396132750698,-10.479472026231628,-1.33806946644826,-29.433330984246854,0.13928182090735286,416,2.8003587616665753
