,MAE,RMSE,NSE,alpha,beta,HFV,HFV10,LFV,FDC,r2,training_length_days,training_time_minutes
0,5.651438588318429,10.447608908047082,-304.2147604833587,15.801687523187345,-3.3501164888484762,-15.963657114791511,-10.927050212911597,-2.001158112828642,,0.22801328896170558,462,24.570572999999968
