,MAE,RMSE,NSE,alpha,beta,HFV,HFV10,LFV,FDC,r2,training_length_days,training_time_minutes
0,0.32196686594730145,0.3826685250328239,0.511311950266321,0.891566245692941,1.2921514136404022,-10.559549516632963,-7.507530980980991,7.5938879087367255,-26.109389000964622,0.14121143209040288,157,5.233113253333431
