,MAE,RMSE,NSE,alpha,beta,HFV,HFV10,LFV,FDC,training_length_days,training_time_minutes
0,0.5187975119543864,0.7204139154308972,-1.112478061752221,1.2896628512061925,1.2745870248204516,1.1924194407329733,1.3279783001191108,1.2740539464745864,,5061,191.9021768189831
