,MAE,RMSE,NSE,alpha,beta,HFV,HFV10,LFV,FDC,training_length_days,training_time_minutes
0,0.7129112077312569,0.9270518339976432,0.24223604581289082,1.1065150226354332,1.4574821264562225,0.9808295154102137,1.2786260205401,1.682530637323317,1.820390718078096,3056,186.6165872113333
