,MAE,RMSE,NSE,alpha,beta,HFV,HFV10,LFV,FDC,training_length_days,training_time_minutes
0,654.9828467469343,818.8602112566598,-1.1953818349002003,0.8543446999340757,4.019516713812169,0.9633275958655415,2.2751230241561102,12.65906320568297,10.688426431644546,4760,23.21420952519984
