,MAE,RMSE,NSE,alpha,beta,HFV,HFV10,LFV,FDC,training_length_days,training_time_minutes
0,1.1638065545229814,1.5343604658391674,-0.04130573893296563,0.7695841243816038,0.7305136045072117,0.6384565973837536,0.7622498635418526,0.6384508555013887,0.38449772051650827,4051,676.0198996150003
