,MAE,RMSE,NSE,alpha,beta,HFV,HFV10,LFV,FDC,r2,training_length_days,training_time_minutes
0,0.7495993532045455,0.9885182714392096,-0.15033910611777257,0.7018171247175109,0.8199993059274394,-42.237671702504365,-22.92569289079177,-21.400598650043317,-35.84525796575197,0.10122274746241999,707,91.41911522333334
