,MAE,RMSE,NSE,alpha,beta,HFV,HFV10,LFV,FDC,training_length_days,training_time_minutes
0,0.08903813240594183,0.14074881177426388,0.03544207161617996,1.1105410147551515,0.9602170497420046,1.0047038966334687,1.1752339136429786,0.6450121004780844,0.2221213494888751,4683,61.87275616500022
