,MAE,RMSE,NSE,alpha,beta,HFV,HFV10,LFV,FDC,training_length_days,training_time_minutes
0,308.14280111931754,442.8229279189211,-0.12370650361730728,0.965692332015541,1.799139962264946,0.971802499209401,1.4155809255251521,2.465597206020345,2.184619784119552,2900,46.40497510999994
