,MAE,RMSE,NSE,alpha,beta,HFV,HFV10,LFV,FDC,training_length_days,training_time_minutes
0,0.12353355700879887,0.18771248929396706,-0.4008802762637229,0.9788240900289039,0.8904534219221021,0.9975370216186634,1.0237756199266757,0.8259813804327312,0.8376377660417924,657,5.0039361799999975
