,MAE,RMSE,NSE,alpha,beta,HFV,HFV10,LFV,FDC,training_length_days,training_time_minutes
0,1.358128445121863,1.652119139754787,-8.775501560120473,2.581013019493324,2.838912731954028,2.3151065948629648,2.4719079368349037,2.4602439828468508,2.1897358924212758,268,5.184026211666666
