,MAE,RMSE,NSE,alpha,beta,HFV,HFV10,LFV,FDC,training_length_days,training_time_minutes
0,26.30292143334001,68.35096072181055,-0.9753698693754187,1.681053336955722,0.9761427401608771,1.6937460736186747,1.2967520416440441,0.2636102674146029,-1.601860545988522,2221,257.1781423083334
