,MAE,RMSE,NSE,alpha,beta,HFV,HFV10,LFV,FDC,training_length_days,training_time_minutes
0,26.160111220180607,33.80518179299084,0.033448784556945776,0.49000446260863467,0.9973635986797488,0.6580268122701678,0.7068425691067818,1.3255355847273602,,2917,16.186477106666644
