,MAE,RMSE,NSE,alpha,beta,HFV,HFV10,LFV,FDC,training_length_days,training_time_minutes
0,0.6133590352244079,0.7959504488771957,-0.6747622844484662,1.4216451922853073,1.4835909528213524,1.0750933466968389,1.4655388366364455,1.2901113496464498,-0.3633502137910544,477,5.6270879549999995
