,MAE,RMSE,NSE,alpha,beta,HFV,HFV10,LFV,FDC,training_length_days,training_time_minutes
0,0.617184982327049,0.8707042427932785,-0.2737034009877548,0.8990533153658047,2.126431808376264,1.1164615968693756,1.5354252478685435,3.4696474037657157,,2768,228.9676894466674
