,MAE,RMSE,NSE,alpha,beta,HFV,HFV10,LFV,FDC,training_length_days,training_time_minutes
0,1991.5759174638038,2193.09538941947,-25.89732000891302,2.211649053246923,6.20135336355155,2.404193737243905,3.8317146348621742,9.605698499474123,10.355003824747502,4444,252.74032022486693
