,MAE,RMSE,NSE,alpha,beta,HFV,HFV10,LFV,FDC,training_length_days,training_time_minutes
0,0.6378144812608344,0.8939909865004665,0.5854047678109953,0.903022461081287,1.0898632838573992,1.0017481912740525,0.9459354851765008,1.2695225712320342,0.9671396576964839,5110,869.6521465550002
