,MAE,RMSE,NSE,alpha,beta,HFV,HFV10,LFV,FDC,r2,training_length_days,training_time_minutes
0,7.273589041200624,7.998370467721391,-17.75156508487262,1.3419198453203471,-5.693180151132706,-99.76726528835194,-144.22677812824026,-221.58307346894202,,0.015714776885327297,286,30.9869118616664
