,MAE,RMSE,NSE,alpha,beta,HFV,HFV10,LFV,FDC,training_length_days,training_time_minutes
0,0.22307389401573322,0.362032735983026,0.15898287004942513,1.2238935138887708,1.4566832431104093,0.9879300611446467,1.385134749565467,1.384325681317496,-0.273918025153573,2265,56.26603436166576
