,MAE,RMSE,NSE,alpha,beta,HFV,HFV10,LFV,FDC,training_length_days,training_time_minutes
0,0.44893209144549595,0.9267093047140574,0.21681702123627267,1.1406421611880087,1.33412547143809,1.2690254433160006,1.5882382310327159,0.7461515734097753,0.1426580320342655,680,2.943782845000048
