,MAE,RMSE,NSE,alpha,beta,HFV,HFV10,LFV,FDC,training_length_days,training_time_minutes
0,0.9543155595111897,1.3799347968115863,-0.6789704011067519,0.4358636598735532,0.3477852632282788,0.3187545824246566,0.4249607741685032,0.18959581101969028,0.09067793797785868,3056,86.94487631109993
