,MAE,RMSE,NSE,alpha,beta,HFV,HFV10,LFV,FDC,training_length_days,training_time_minutes
0,0.7914640554589536,1.1335829391147965,0.45037432582364967,0.6107358981476761,1.1124108830185144,0.6352034461738348,0.8805935520337872,1.3477698913392786,2.694186513775615,2556,16.431569511666506
