,MAE,RMSE,NSE,alpha,beta,HFV,HFV10,LFV,FDC,training_length_days,training_time_minutes
0,615.5924387179916,1638.159407985301,-10.594078925095546,3.070071461082546,3.7101173527575093,3.793322417213956,4.2994719255764435,2.147979403801745,2.4071647005319616,5108,317.7770571777665
