,MAE,RMSE,NSE,alpha,beta,HFV,HFV10,LFV,FDC,training_length_days,training_time_minutes
0,1.0805848760423005,1.3782346157295788,0.01461866853703997,0.9749418386433324,1.342646780676518,1.1391846823837746,1.0843450194615403,1.688134472393989,1.45008119955179,5110,271.0815338976662
