,MAE,RMSE,NSE,alpha,beta,HFV,HFV10,LFV,FDC,r2,training_length_days,training_time_minutes
0,0.15012991144417212,0.21262307697185245,0.6920737933315739,0.9576247745186555,1.0016144378256628,-18.49149629294827,-6.115239411645837,-1.3678406889217745,5.0023492522759225,0.23414185750130634,321,15.871032426666837
