,MAE,RMSE,NSE,alpha,beta,HFV,HFV10,LFV,FDC,r2,training_length_days,training_time_minutes
0,0.39031973304930057,0.5446077753632541,0.23235786874529696,0.8862680683994647,1.1359197338910294,-4.351194936806877,-3.4509009191602873,-2.512801838076919,-39.437331312087565,0.3635521098445539,487,4.269565948333184
