,MAE,RMSE,NSE,alpha,beta,HFV,HFV10,LFV,FDC,training_length_days,training_time_minutes
0,0.6083801516172622,0.7076137309150079,0.06963070252187142,0.5785354048859044,1.064278189775116,0.7616395115237091,0.859221713342882,1.2473714083704528,1.6499489701752708,2537,74.43426261666657
