,MAE,RMSE,NSE,alpha,beta,HFV,HFV10,LFV,FDC,training_length_days,training_time_minutes
0,625.7268451688009,1324.890607290201,-0.16240802562297696,4.6257213695087455e-17,0.3185983396262054,0.04703869031414958,0.08829051797098018,1.7029550752598412,9.686190572470391,2675,19.721486785533248
