,MAE,RMSE,NSE,alpha,beta,HFV,HFV10,LFV,FDC,training_length_days,training_time_minutes
0,0.6122509529064397,0.8860743772240729,-2.1957174769910166,1.7512168662080265,1.2953046759488311,1.4855973777513685,1.5089018621956127,1.2237898112238255,,5061,221.97007819088273
