,MAE,RMSE,NSE,alpha,beta,HFV,HFV10,LFV,FDC,r2,training_length_days,training_time_minutes
0,0.08882360059110465,0.12256303443219368,0.5074407372869811,0.8239782189984921,0.9951292475054073,-25.763034956464104,-9.20904673294577,-4.493979993471994,0.518678377357614,0.20494260127995179,342,1.736016758333426
