,MAE,RMSE,NSE,alpha,beta,HFV,HFV10,LFV,FDC,r2,training_length_days,training_time_minutes
0,0.49121056272994484,0.8199247330516848,-0.19022642113733257,0.8028598772637275,1.0404162273627506,-32.194178139121284,-9.839871370994413,-0.8623047924063325,4.742983124197372,0.13021994766266298,244,2.263223754999975
