,MAE,RMSE,NSE,alpha,beta,HFV,HFV10,LFV,FDC,training_length_days,training_time_minutes
0,100.6877210024746,187.0782826055121,-0.4064368886257905,2.8151852029384806e-18,0.03326027639935916,0.0056133534275568525,0.010127422289441728,0.1387939372757072,1.582597168008497,5110,428.7669778048837
