,MAE,RMSE,NSE,alpha,beta,HFV,HFV10,LFV,FDC,training_length_days,training_time_minutes
0,1245.2740137883645,1409.028176515716,-5.01079681313921,1.403492205857714,4.9061491412953435,1.1396008618470532,2.395160141263777,15.978137056374269,9.879689414825553,2586,256.4959631966665
