,MAE,RMSE,NSE,alpha,beta,HFV,HFV10,LFV,FDC,r2,training_length_days,training_time_minutes
0,0.3573178613884155,0.46958427350878856,0.15213264440949648,0.49200892291230713,1.2524489926238713,-33.01517614063573,-20.342970925324583,-7.297194259166994,-69.47924314240605,0.05918725207414688,147,6.098680463333342
