,MAE,RMSE,NSE,alpha,beta,HFV,HFV10,LFV,FDC,training_length_days,training_time_minutes
0,4.701000601684718,5.567707464262824,-0.00382008355560548,6.393103561809974e-16,1.050239924635097,0.3587087463807796,0.4526849714067695,2.3213815361653825,6.70789387281233,5094,38.849205358283264
