,MAE,RMSE,NSE,alpha,beta,HFV,HFV10,LFV,FDC,r2,training_length_days,training_time_minutes
0,0.9297846102563355,1.2978684793101385,0.39010581035221015,0.9924154241236866,1.0290992757666055,-18.120959555334654,-0.6760646716540207,6.838261874608344,87.79685080237745,0.323374692984863,429,34.26038444166673
