,MAE,RMSE,NSE,alpha,beta,HFV,HFV10,LFV,FDC,training_length_days,training_time_minutes
0,156.32451781409057,372.4963712447999,-0.20535757182601788,1.0471191737042053e-17,0.11663212370439845,0.014048054333154742,0.035771154391229534,0.40609201304239645,1.927062107602602,2299,7.448955953334614
