,MAE,RMSE,NSE,alpha,beta,HFV,HFV10,LFV,FDC,training_length_days,training_time_minutes
0,0.48220753714451026,0.739023380843031,0.6297570479343356,0.9740985723340346,0.7775674465387518,0.9080385657563756,0.9377151885069649,0.42642088716991344,0.21633193711790674,2242,340.755323255
