,MAE,RMSE,NSE,alpha,beta,HFV,HFV10,LFV,FDC,training_length_days,training_time_minutes
0,0.126991978775918,0.19045796658547184,-0.44215841778264475,1.0147383463241033,0.8840855134076662,1.0034176020716397,1.0305546617349957,0.8091750599181343,0.7903475584528461,657,22.74882387166667
