,MAE,RMSE,NSE,alpha,beta,HFV,HFV10,LFV,FDC,training_length_days,training_time_minutes
0,0.43887061873874583,0.4915538900772992,-0.5255250152047823,0.25309631415788086,1.335684686090149,0.5523340645789468,0.6728885529214778,2.275819630905346,2.7537294015680995,4058,20.228593809199324
