,MAE,RMSE,NSE,alpha,beta,HFV,HFV10,LFV,FDC,training_length_days,training_time_minutes
0,0.3363272945786859,0.5352814788327582,-0.09844214741961177,0.9306090159000071,1.0234004759740254,0.9262793174391012,0.9728250883403549,1.0406015033572593,0.8571042074127718,4017,185.92950879244987
