,MAE,RMSE,NSE,alpha,beta,HFV,HFV10,LFV,FDC,training_length_days,training_time_minutes
0,0.9007935496593067,1.5531233858527085,0.44235068201544425,0.7754751893011554,0.65113435240802,0.7916578016196375,0.8862645114446626,0.19472830231257565,0.02059009112074314,4105,262.6108056678834
