,MAE,RMSE,NSE,alpha,beta,HFV,HFV10,LFV,FDC,training_length_days,training_time_minutes
0,4134.612414761332,5715.052257463517,-0.009677821641600026,0.0,0.8934145807655537,0.2035027556644213,0.3234729432632531,2.6141815302705407,9.770947796565693,5094,38.46636191793368
