,MAE,RMSE,NSE,alpha,beta,HFV,HFV10,LFV,FDC,training_length_days,training_time_minutes
0,63.75351425664393,70.82206992913058,0.19563625915016092,0.38857843714792073,1.0214743883063864,0.8820480042596016,0.7583133236411768,1.0214743883063861,,3309,110.75660164166669
