,MAE,RMSE,NSE,alpha,beta,HFV,HFV10,LFV,FDC,training_length_days,training_time_minutes
0,0.5577434606847467,0.8098869412787912,-2.544999303476712,2.2363472338541834,1.5999178824532347,1.9345431807047995,1.7500962569155791,1.5999178824532343,,2252,260.13074213500005
