,MAE,RMSE,NSE,alpha,beta,HFV,HFV10,LFV,FDC,training_length_days,training_time_minutes
0,4.724491895081716,5.184337590901519,-9.46206630180857,1.280863203073367,3.894275785966903,1.8060708286984277,2.1708360282958576,8.384147824534056,25.416924793397918,4338,157.94104335876668
