,MAE,RMSE,NSE,alpha,beta,HFV,HFV10,LFV,FDC,training_length_days,training_time_minutes
0,0.9414446606533841,1.1862211720029903,-0.6706141998348836,1.0960379454024476,1.6541884349928142,1.1288650037673058,1.3353578343886516,2.0319343199373843,1.1653587300452588,2711,279.5808696283338
