,MAE,RMSE,NSE,alpha,beta,HFV,HFV10,LFV,FDC,training_length_days,training_time_minutes
0,1.003268623701696,1.7158168141077867,-0.21074351359592525,1.049279946417543,1.6120262506730685,1.0855563450128751,1.244519563990308,2.6062136188334635,-0.7454342265906143,2323,148.58810773545
