,MAE,RMSE,NSE,alpha,beta,HFV,HFV10,LFV,FDC,r2,training_length_days,training_time_minutes
0,0.5424983240837035,0.6985357304533713,-0.0028469422804293654,6.366473314862512e-16,0.9799051852016392,-43.19444210281723,-35.14816770614794,-28.072498450549137,185.96972480584827,-1.2885414291119446e-08,741,14.115614560000056
