,MAE,RMSE,NSE,alpha,beta,HFV,HFV10,LFV,FDC,r2,training_length_days,training_time_minutes
0,0.19291159519156215,0.28465811550019265,0.5985814842842482,0.7353301430773355,0.9791213606076294,-34.79813576117509,-23.193796639836126,-12.340475248421397,-11.212273219082983,0.23339346713582632,312,23.14677314666672
