,MAE,RMSE,NSE,alpha,beta,HFV,HFV10,LFV,FDC,training_length_days,training_time_minutes
0,0.3726114540612523,0.49986528279105286,0.2551500417258762,1.1866018894995551,0.8745009334259187,0.8520384173115456,1.2403013645455894,0.25089204042847313,0.24708060451268662,292,1.7422739383333465
