,MAE,RMSE,NSE,alpha,beta,HFV,HFV10,LFV,FDC,training_length_days,training_time_minutes
0,349.18233920708366,421.1656545105828,-2.688155495786798,1.16490159388613,0.6207220217904657,0.8540908016983544,0.8975936900384291,0.42844717757379114,0.45860111810583465,4782,111.03774506999999
