,MAE,RMSE,NSE,alpha,beta,HFV,HFV10,LFV,FDC,training_length_days,training_time_minutes
0,1.9552319222974262,3.013724850709115,-0.16779965647989492,1.5923949567631823e-16,0.5379406952323165,0.10762707197532902,0.1975447088045387,1.6538183474046497,35.37375760844441,2648,39.20302854166657
