,MAE,RMSE,NSE,alpha,beta,HFV,HFV10,LFV,FDC,training_length_days,training_time_minutes
0,1.4965952462575705,2.6462401877892128,-0.3077130712634004,9.595490883898943e-17,0.4457832276383005,0.10044828216412373,0.16748642403516104,1.0163926054779138,1.9067768166958698,4016,115.37363424883321
