,MAE,RMSE,NSE,alpha,beta,HFV,HFV10,LFV,FDC,r2,training_length_days,training_time_minutes
0,0.34869616584036556,0.44862875426675247,-0.3265770172645943,0.5763016959736194,1.443244314482112,-41.80287800262633,-26.583001874560306,-4.331953503875781,-40.103224551200945,0.027117113649942293,378,3.2660882949998875
