,MAE,RMSE,NSE,alpha,beta,HFV,HFV10,LFV,FDC,r2,training_length_days,training_time_minutes
0,0.4882777810762352,0.6019867561530315,0.4982705436156689,0.852640434453098,1.4356387895664064,16.451111898709183,6.624632763936271,3.104456151302146,-61.69573322173792,0.221726500796687,179,1.6609436066665997
