,MAE,RMSE,NSE,alpha,beta,HFV,HFV10,LFV,FDC,training_length_days,training_time_minutes
0,20.044143481906765,44.353237619484375,0.19368561512255844,1.0216662244454873,1.638558091199626,1.0530391557207468,1.7042402933760137,0.6953801173932754,0.0014120321025382764,3052,38.6497102229
