,MAE,RMSE,NSE,alpha,beta,HFV,HFV10,LFV,FDC,training_length_days,training_time_minutes
0,13981.425593878483,14811.732533299104,-2.9951457137352566,0.0,3.182837189038618,0.6103830398381016,1.0332184478388564,12.203026339604342,683.0515549989564,4338,86.20347047420024
