,MAE,RMSE,NSE,alpha,beta,HFV,HFV10,LFV,FDC,training_length_days,training_time_minutes
0,0.8619703925974732,1.1409653927696264,-1.2285971019862827,0.5473512022995004,-0.0946500359119613,0.39093659012323584,0.2994508384078133,-1.0703201034341885,-5.107815417479917,2232,59.17403297333318
