,MAE,RMSE,NSE,alpha,beta,HFV,HFV10,LFV,FDC,training_length_days,training_time_minutes
0,295.19852222170573,323.0532592474471,-6.875597179888941,0.8431523513453529,3.912409536091473,1.1485939478575269,1.7142365272621218,12.66770061456426,37.17942557702172,2536,129.70256555666685
