,MAE,RMSE,NSE,alpha,beta,HFV,HFV10,LFV,FDC,training_length_days,training_time_minutes
0,2.4657804061087414,3.047426184879759,-0.13805716054193184,0.22416875841095885,1.3273004404042517,0.4175493557955019,0.6299140480185172,2.469562519182976,4.069553021235833,2675,44.234291591166645
