,MAE,RMSE,NSE,alpha,beta,HFV,HFV10,LFV,FDC,training_length_days,training_time_minutes
0,6.25711048241214,22.444356586307993,0.4333374139798801,0.6262878111889052,0.8564977718776786,0.8423457599477651,1.0296139608904435,0.011738077240776105,-0.028620840461748676,4415,234.50679852095007
