,MAE,RMSE,NSE,alpha,beta,HFV,HFV10,LFV,FDC,r2,training_length_days,training_time_minutes
0,1.3685145221497395,2.1894061430548457,-0.23812217561099125,0.5385545561966621,0.7128124114459916,-62.59746566045502,-45.42662095220908,-33.9845037858696,-42.38140540767851,0.1526755902214939,418,28.09964873500018
