,MAE,RMSE,NSE,alpha,beta,HFV,HFV10,LFV,FDC,training_length_days,training_time_minutes
0,0.22244940578881134,0.4439118659538474,-7664.620913076825,82.25938698590595,2.795495193969977,17.436521173313682,11.062404112981396,0.3725991022552931,0.09640131508765211,3543,71.1567100382832
