,MAE,RMSE,NSE,alpha,beta,HFV,HFV10,LFV,FDC,r2,training_length_days,training_time_minutes
0,0.35753615164929964,0.4523948049844609,0.3169988225072725,0.6128914929069951,0.4700767609212256,-36.31937556249443,-46.30351913469183,-49.23782375487899,88.8379109352749,0.112785587579884,157,6.9647653833333605
