,MAE,RMSE,NSE,alpha,beta,HFV,HFV10,LFV,FDC,training_length_days,training_time_minutes
0,0.09995398224521235,0.1447744573399763,0.5619297236177179,0.9059592086516198,0.5274850973487345,0.86811229975967,0.8138727529913475,0.20893985598926346,0.3134035571041042,1213,60.36962065666642
