,MAE,RMSE,NSE,alpha,beta,HFV,HFV10,LFV,FDC,r2,training_length_days,training_time_minutes
0,1.5680133812144648,1.815947935229955,-1.734514611229789,1.0557552505514354,-0.22593688358821729,-69.89439987308496,-66.26099741672743,-65.55533434250036,,0.0019333218777883854,235,18.746073835000182
