,MAE,RMSE,NSE,alpha,beta,HFV,HFV10,LFV,FDC,training_length_days,training_time_minutes
0,1.1945612068297855,1.363376527985182,-1.728681191279247,1.0761202468667894e-15,1.969044869128362,0.6583329901901873,0.962150011841128,3.375228705137435,10.774403388676673,3672,27.450244595766222
