,MAE,RMSE,NSE,alpha,beta,HFV,HFV10,LFV,FDC,r2,training_length_days,training_time_minutes
0,1.5072594889209006,1.8546223046991284,-8.357113074604808,1.5732992270494432,-1.003118745653885,-8.048279029514925,-9.754697413952723,-71.8818381011165,,9.638832985769952e-05,448,14.915608121666628
