,MAE,RMSE,NSE,alpha,beta,HFV,HFV10,LFV,FDC,training_length_days,training_time_minutes
0,0.8138887822090686,1.0151457878083643,-1.0884267471117615,1.0916976902360422,1.5222674368781435,1.1493027952625732,1.2959504252012104,1.7989543316309002,2.2083054549688828,4796,628.1272023375835
