,MAE,RMSE,NSE,alpha,beta,HFV,HFV10,LFV,FDC,training_length_days,training_time_minutes
0,874.9636535868246,906.442885289745,-22.512845570928107,1.3214640793396186,13.642402908391498,1.774534266711655,4.539815626444451,141.77606529423593,1799.8778445621624,3711,46.49542309588287
