,MAE,RMSE,NSE,alpha,beta,HFV,HFV10,LFV,FDC,training_length_days,training_time_minutes
0,0.04478323471502817,0.10506342751099529,-0.9305610857915527,1.138504779683787,1.3360500094016665,3.012844559990263,3.3405742719237046,0.1556790589181643,0.018829203538572394,3984,85.42669905270013
