,MAE,RMSE,NSE,alpha,beta,HFV,HFV10,LFV,FDC,training_length_days,training_time_minutes
0,0.8450981067657262,1.5344481850394813,0.45568072565498485,0.8122271383032649,0.8592947969182967,0.8207031841102129,1.0097616664571742,0.4561065807888338,0.11059795360380939,4105,168.86945885969982
