,MAE,RMSE,NSE,alpha,beta,HFV,HFV10,LFV,FDC,training_length_days,training_time_minutes
0,0.48389835483777444,0.9304763554596354,0.21043684044479583,1.1661590162443936,1.149477175657299,1.2616455171752683,1.5607605628186996,0.18364243270340877,-0.9981777346243736,680,8.77415132833333
