,MAE,RMSE,NSE,alpha,beta,HFV,HFV10,LFV,FDC,r2,training_length_days,training_time_minutes
0,0.27203742587116214,0.8446078751124823,0.2577069765979936,0.613122888746372,0.6238801465055382,-41.689452463521285,-30.600614783767078,-30.44491074520942,,0.178532409314479,187,2.2029593083333263
