,MAE,RMSE,NSE,alpha,beta,HFV,HFV10,LFV,FDC,training_length_days,training_time_minutes
0,6.42026313915417,21.1625754239275,0.16023309190538704,1.0970707507576987,0.640480206474783,1.0257163092037145,0.8659910497017066,-0.13745024790700378,-2.459114627414328,1477,21.522447350000007
