,MAE,RMSE,NSE,alpha,beta,HFV,HFV10,LFV,FDC,training_length_days,training_time_minutes
0,119.78607810621155,142.00732178202125,-3.6974591607489637,1.2011075337848762,3.391570981226053,1.1536204552067852,2.008631255766021,6.270279666977391,8.967676202032877,3041,47.04881982968364
