,MAE,RMSE,NSE,alpha,beta,HFV,HFV10,LFV,FDC,r2,training_length_days,training_time_minutes
0,9.465205813119034,10.014883639061875,-411.0981502794903,6.363390756605634,-14.08971007199567,-102.13868704587587,-125.7272179527664,-565.5414912848081,,0.0004850435877492565,461,9.549105188333305
