,MAE,RMSE,NSE,alpha,beta,HFV,HFV10,LFV,FDC,training_length_days,training_time_minutes
0,0.6350267868915788,0.8480589686476895,0.1461198279416498,1.0216448483961793,1.3011650633490346,0.9960390148725624,1.1567761852631642,1.4649194771425562,2.0870421837798103,2711,419.6018866366668
