,MAE,RMSE,NSE,alpha,beta,HFV,HFV10,LFV,FDC,training_length_days,training_time_minutes
0,1.1923520507555416,1.8184150524424652,-0.7153156841329282,7.996302984105311e-17,0.36068650430675786,0.1207228995895436,0.16155703350929254,0.6306855788896494,1.3184746677460701,5110,645.8205539550002
