,MAE,RMSE,NSE,alpha,beta,HFV,HFV10,LFV,FDC,training_length_days,training_time_minutes
0,0.12584234452244028,0.1754573527170163,0.6009401787932533,0.9988390753898212,1.1372952225391235,0.9226705292547326,1.0323914724742016,1.134062787205397,-1.1767685859121566,2203,282.64148460666667
