,MAE,RMSE,NSE,alpha,beta,HFV,HFV10,LFV,FDC,r2,training_length_days,training_time_minutes
0,0.8020810663102927,1.018132636603706,-0.35562303700698505,0.7888153425058526,1.2265036845783586,-38.23688775749902,-12.86101992568318,7.9994359172080465,-26.241576658567794,0.08432563398057136,365,16.310573874999925
