,MAE,RMSE,NSE,alpha,beta,HFV,HFV10,LFV,FDC,r2,training_length_days,training_time_minutes
0,0.3765892518371098,0.5030773651085865,-0.6681220105517343,0.6759429066115873,1.3785156143127122,-36.980572324285816,-21.536058308970713,0.3458017943423579,-32.346891813164014,0.01888162496642465,378,2.5496594633334704
