,MAE,RMSE,NSE,alpha,beta,HFV,HFV10,LFV,FDC,training_length_days,training_time_minutes
0,34.03042472921739,47.232564394581765,-1.649924795847713,1.1890717689422234,5.517480549831501,1.5565270247901684,3.413940132376339,21.335361898709976,-149.29017652472274,5103,68.76895615085
