,MAE,RMSE,NSE,alpha,beta,HFV,HFV10,LFV,FDC,training_length_days,training_time_minutes
0,33.65987835114263,53.92306934942513,0.3226849141881283,1.1878865729103254,0.9646569084717762,1.1837517028328124,1.2478896639541033,0.2737021245893037,0.006188915518935488,3041,246.33578394830013
