,MAE,RMSE,NSE,alpha,beta,HFV,HFV10,LFV,FDC,training_length_days,training_time_minutes
0,1.6838029461068165,2.1208857821111793,-4.586664970146346,1.3819464279795404,1.0161257615504433,1.0104161739311806,1.018822088684531,1.0127723378079314,1.0090144490618844,4097,84.92534549499979
