,MAE,RMSE,NSE,alpha,beta,HFV,HFV10,LFV,FDC,training_length_days,training_time_minutes
0,0.09634071053188625,0.15944974994734962,0.15565964669384935,1.1066383166989755,0.4690501027636058,1.1147040677555222,0.7929000217154895,-0.05215411139452084,-5.364594801360263,1477,29.768946450000005
