,MAE,RMSE,NSE,alpha,beta,HFV,HFV10,LFV,FDC,training_length_days,training_time_minutes
0,59.83682162014919,302.84813110775906,-0.02403193391126357,5.935564990210401e-18,0.23680242377768485,0.016030369456967078,0.055336232981944664,3.853953005819386,195.09256092347164,2301,43.181500951666386
