,MAE,RMSE,NSE,alpha,beta,HFV,HFV10,LFV,FDC,training_length_days,training_time_minutes
0,0.29859050780796687,0.3940499809027165,0.10398997609412142,0.903223025187628,0.9149498321572682,0.7491728186127236,0.9026795619237815,0.8912191378396116,0.7220990652161051,2900,27.343322664999867
