,MAE,RMSE,NSE,alpha,beta,HFV,HFV10,LFV,FDC,training_length_days,training_time_minutes
0,0.7404393930589734,1.1309228659127393,0.5024827154770732,1.042959798107918,1.006660841504955,1.0389260617121374,1.1157290242234905,0.813618678818283,0.5905064136411584,4390,177.11350507323368
