,MAE,RMSE,NSE,alpha,beta,HFV,HFV10,LFV,FDC,training_length_days,training_time_minutes
0,0.39236808250418775,0.6012068556652178,-0.38567251781967604,1.0356075688899204,0.7041043452817948,0.9732573907157446,0.9084397940913027,0.38197128317397605,0.12095992258368068,4017,189.33434129268377
