,MAE,RMSE,NSE,alpha,beta,HFV,HFV10,LFV,FDC,r2,training_length_days,training_time_minutes
0,0.3998397505614542,0.5609208756575873,0.18568143830574912,0.9279931838139095,1.0738102566483365,-0.4984548666050368,-1.2704901290911863,-3.4025806476455727,-34.84622731346968,0.374100839679782,487,6.322809813333151
