,MAE,RMSE,NSE,alpha,beta,HFV,HFV10,LFV,FDC,training_length_days,training_time_minutes
0,825.6627527833906,1179.6047701308255,-0.20310165279775982,0.17047789232205993,0.7495389714730172,0.3202852823621457,0.4416736251278994,1.1551914112371022,2.095370283889543,2537,34.03031243333244
