,MAE,RMSE,NSE,alpha,beta,HFV,HFV10,LFV,FDC,training_length_days,training_time_minutes
0,818.1300627240144,905.7736416424365,-0.7955436970335406,5.045564381433154e-16,2.441722997355841,0.3398935213568378,0.7275277492533968,11.195875707400756,116.61815383733469,2463,125.4343070050003
