,MAE,RMSE,NSE,alpha,beta,HFV,HFV10,LFV,FDC,r2,training_length_days,training_time_minutes
0,0.5526344629780837,0.8364174974820054,-1.482743651148268,0.8113330008865842,2.690040186533804,-35.139567723427625,52.71139284070117,146.3645627344362,14.966069586972313,8.677426053194104e-05,276,3.2765987250000763
