,MAE,RMSE,NSE,alpha,beta,HFV,HFV10,LFV,FDC,training_length_days,training_time_minutes
0,1.8423910927626554,2.4410950756173144,-3.262552354111688,1.5768407761282468,2.694522725327685,1.4270591286699283,2.2742693234204565,2.7208739050472452,1.4004206357384679,2390,50.31998356049977
