,MAE,RMSE,NSE,alpha,beta,HFV,HFV10,LFV,FDC,r2,training_length_days,training_time_minutes
0,0.8025086431554935,0.9851977187320189,0.024559319630519938,0.8379974396175374,1.2143358046114745,-9.220969275183183,-8.44099942717593,1.4384899256991461,-36.8604830222301,0.1432880587935137,416,3.261013494999982
