,MAE,RMSE,NSE,alpha,beta,HFV,HFV10,LFV,FDC,training_length_days,training_time_minutes
0,1.723510850067813,2.3952666880708327,-1.0626426506797704,0.0,0.030999258082721737,0.007596781347018934,0.01273680936492675,0.06385223131579408,0.41212823483970595,2284,15.046547293333182
