,MAE,RMSE,NSE,alpha,beta,HFV,HFV10,LFV,FDC,training_length_days,training_time_minutes
0,0.3408269070872654,0.6858692676212652,0.3367524164091349,0.9728484116739796,0.8423986902518921,0.9608280605212589,1.075395381698619,0.3067141841484222,0.03679886450272496,3392,267.1805776037834
