,MAE,RMSE,NSE,alpha,beta,HFV,HFV10,LFV,FDC,training_length_days,training_time_minutes
0,1.089713473588533,1.363631490906636,0.20465701774621814,0.7653599425306343,1.4004134758625855,0.775369833689916,1.0941332967525161,1.7072872347696861,3.322931260663598,2556,14.829572308333203
