,MAE,RMSE,NSE,alpha,beta,HFV,HFV10,LFV,FDC,training_length_days,training_time_minutes
0,131.71152257401113,169.66633389239223,-0.1568175045340785,0.6150162627428045,1.717132992100449,0.7455055657520732,0.9133153739547064,5.298379346913529,15.06509823521999,5110,1068.0933442849996
