,MAE,RMSE,NSE,alpha,beta,HFV,HFV10,LFV,FDC,training_length_days,training_time_minutes
0,3208.2181406615523,13398.241560729746,-37813.26092194257,189.05248728335053,62.55280753222443,217.2042821911212,99.75643670163893,4.587938020302595,18.19357892819086,3530,445.24020982855
