,MAE,RMSE,NSE,alpha,beta,HFV,HFV10,LFV,FDC,training_length_days,training_time_minutes
0,892.6216845768176,2219.7690836275815,0.2660585449546755,0.6590979121858375,2.2924576287326435,0.8867390349412057,1.7711792756328641,12.908136081379709,5.487902590322047,4105,232.91671087446667
