,MAE,RMSE,NSE,alpha,beta,HFV,HFV10,LFV,FDC,training_length_days,training_time_minutes
0,0.40520958858183975,0.493806576324589,-0.40709683271481834,1.0570326026747636,0.8990273552027341,0.838673880092928,0.95841468863475,0.8312445122108799,0.6974886435448827,2900,108.92018920500026
