,MAE,RMSE,NSE,alpha,beta,HFV,HFV10,LFV,FDC,r2,training_length_days,training_time_minutes
0,9.715289415316715,10.264266453279234,-16.578692558048836,0.7366590235619097,5.856392127765456,6.52926024820501,69.59151754724782,176.66828664784146,-150.47079516408598,0.010922948852534975,455,27.88485287000003
