,MAE,RMSE,NSE,alpha,beta,HFV,HFV10,LFV,FDC,r2,training_length_days,training_time_minutes
0,0.8886427059243639,1.210726231535919,0.46925607770131494,0.9722201171773658,0.957590861041022,-18.759370611774106,-3.4903694280265993,1.7450439835092457,111.75615603502949,0.4083650583039877,429,19.61758952166662
