,MAE,RMSE,NSE,alpha,beta,HFV,HFV10,LFV,FDC,training_length_days,training_time_minutes
0,0.06475530360297885,0.1331974884722954,-0.03486604120619585,0.6074989706190778,0.5480788110675145,0.5831851237675246,0.7174889666454862,0.18005572501086817,0.06819571480224101,691,4.232636731666662
