,MAE,RMSE,NSE,alpha,beta,HFV,HFV10,LFV,FDC,training_length_days,training_time_minutes
0,279.464843410882,458.7440744946547,-1.5441822707498059,1.4840921017380388,2.9513447719508097,1.516760065423144,2.2246943341004926,6.4891147619679455,-0.028532175870276278,2323,264.12455639405005
