,MAE,RMSE,NSE,alpha,beta,HFV,HFV10,LFV,FDC,training_length_days,training_time_minutes
0,128.6830746087017,271.6593103034048,0.17602716928997686,0.8749937770439606,2.617082386431253,1.22755575731242,2.0294022288498055,8.786174569800341,20.194416676398145,2301,66.28429725833315
