,MAE,RMSE,NSE,alpha,beta,HFV,HFV10,LFV,FDC,training_length_days,training_time_minutes
0,2.2233877252328087,2.6192293593821123,-0.2074036211570085,0.17253158969763802,1.5609720915509926,0.6297476361380723,0.7910744758055311,3.368677448746676,17.824751946869366,449,5.691306806666668
