,MAE,RMSE,NSE,alpha,beta,HFV,HFV10,LFV,FDC,training_length_days,training_time_minutes
0,0.4317640227082553,0.5859798901852658,0.7538779374489313,1.1261382829481703,1.1598749055709503,1.0184623100690877,1.1365941718246524,1.1408656101707548,1.440139266732604,4246,570.1636495350001
