,MAE,RMSE,NSE,alpha,beta,HFV,HFV10,LFV,FDC,training_length_days,training_time_minutes
0,1.474819823675498,1.5513781095114487,-82.90544781207609,2.299608774349897,2.1294247145036254,1.89830168145275,2.0385230937648613,2.1639525501790766,1.9449808579865069,4286,34.67565441616656
