,MAE,RMSE,NSE,alpha,beta,HFV,HFV10,LFV,FDC,training_length_days,training_time_minutes
0,120467.70731004885,182524.6938483374,-1622116710159.8252,956821.242434124,788334.7164470584,448720.84025442053,918696.6864095337,244356.47704819043,5.328300421234199,4683,168.1660608483333
