,MAE,RMSE,NSE,alpha,beta,HFV,HFV10,LFV,FDC,r2,training_length_days,training_time_minutes
0,170.91358842095914,252.21061633322242,-5830388.880077361,1775.6691026450255,-1024.103748497459,-52.91031150241654,-35.12825765810674,-42.853703489297445,,0.15859798380392387,460,86.30189276499999
