,MAE,RMSE,NSE,alpha,beta,HFV,HFV10,LFV,FDC,training_length_days,training_time_minutes
0,137.15297232743015,203.81784314181573,-0.39653743049516676,1.1499228164833708,2.572527171708091,1.2384734175594199,1.8746268493581673,5.563503141188513,39.08614677223083,3530,267.12442331833347
