,MAE,RMSE,NSE,alpha,beta,HFV,HFV10,LFV,FDC,training_length_days,training_time_minutes
0,7947.0254739914435,16096.43786552569,-8390011.69508032,2519.530222498155,1163.4343715198193,2714.2693200466974,1993.4145952113006,2.986630531808071,5.6410708850407705,5094,48.609412009449926
