,MAE,RMSE,NSE,alpha,beta,HFV,HFV10,LFV,FDC,training_length_days,training_time_minutes
0,0.10102537281236576,0.14516685862207676,0.5595517862111486,0.9042605156001515,0.5084080970130117,0.8707967652116712,0.7847022297114072,0.22343300842304503,0.5400390924971179,1213,67.52309353833358
