,MAE,RMSE,NSE,alpha,beta,HFV,HFV10,LFV,FDC,training_length_days,training_time_minutes
0,346.41507908163265,359.3977234735788,-13.087915088382024,1.187293874768833e-15,9.729459590967066,2.0525397457736556,9.671542194600958,9.729459590967068,,3958,4.089853551665631
