,MAE,RMSE,NSE,alpha,beta,HFV,HFV10,LFV,FDC,training_length_days,training_time_minutes
0,0.4414551425678098,0.7633491972889782,0.33905518364937337,0.6319729032720421,0.7329205396949483,0.6635308639401388,0.6868121074340342,0.9379981109294566,1.7497063921079807,3530,413.855948086666
