,MAE,RMSE,NSE,alpha,beta,HFV,HFV10,LFV,FDC,training_length_days,training_time_minutes
0,0.512418740182393,0.598797783758428,0.14966435784150534,0.3397710580722381,1.2460900176390655,0.5466182722774399,0.7745125588899476,1.7571667394353605,2.063531356829788,775,3.137574761666656
