,MAE,RMSE,NSE,alpha,beta,HFV,HFV10,LFV,FDC,training_length_days,training_time_minutes
0,2.889695796729927,3.8254627188222323,-1.6093493843621118,0.1871411230689809,0.1622919067578826,0.19084827237986846,0.17838025154758458,0.14247607501189952,0.1262106359431479,4131,87.78758842166668
